Time,B,C,Ab L,Ab R,AUR,ALR,ALL,AUL
1970-02-01 12:48:57,,,,,,,,
1970-02-01 12:48:58,,,,,,,-4.633333333,
1970-02-01 12:48:59,,,,,,,-4.19,
1970-02-01 12:49:00,,,,,,,-4.63,
1970-02-01 12:49:01,,,,,,,-4.245,
1970-02-01 12:49:02,,,,,,,-4.5925,
1970-02-01 12:49:03,,,,,,,,
1970-02-01 12:49:04,,,,,-5.485,,,
1970-02-01 12:49:05,,,,,-5.844166667,,,
1970-02-01 12:49:06,,,,,,,,
1970-02-01 12:49:07,,,,,-5.973333333,,,
1970-02-01 12:49:08,,,,,,,,
1970-02-01 12:49:09,,,,,,,,
1970-02-01 12:49:10,,,,,,,-4.613333333,
1970-02-01 12:49:11,,,,,,,-4.03,
1970-02-01 12:49:12,,,,,-5.36,,,-6.28
1970-02-01 12:49:13,,,,,,,-4.076666667,-6.323333333
1970-02-01 12:49:14,,,,,-5.77,,-4.66,-6.28
1970-02-01 12:49:15,,,,,,,-4.76,
1970-02-01 12:49:16,,,,,-5.775,,-4.53,
1970-02-01 12:49:17,,,,,,,-4.655,
1970-02-01 12:49:18,,,,,,,,
1970-02-01 12:49:19,,,,,,,,
1970-02-01 12:49:20,,,,,,,,
1970-02-01 12:49:21,,,,,,,,
1970-02-01 12:49:22,,,,,,,,
1970-02-01 12:49:23,,,,,,,-4.26,
1970-02-01 12:49:24,,,,,,,-4.483333333,
1970-02-01 12:49:25,,,,,,,-4.39,
1970-02-01 12:49:26,,,,,,,,
1970-02-01 12:49:27,,,,,,,,
1970-02-01 12:49:28,,,,,,,,
1970-02-01 12:49:29,,,,,,,,
1970-02-01 12:49:30,,,,,-5.386666667,,,
1970-02-01 12:49:31,,,,,,,,
1970-02-01 12:49:32,,,,,,,-5.066666667,
1970-02-01 12:49:33,,,,,,,-4.526666667,
1970-02-01 12:49:34,,,,,,,-4.470833333,
1970-02-01 12:49:35,,,,,-5.365,,,-6.345
1970-02-01 12:49:36,,,,,-5.37,,,-6.106666667
1970-02-01 12:49:37,,-4.035,,,-5.5,,,-6.1825
1970-02-01 12:49:38,,-4.17,,,,,,-5.89
1970-02-01 12:49:39,,-4.0025,,,,,,-6.085
1970-02-01 12:49:40,,-3.788333333,,,-5.5,,,-6.063333333
1970-02-01 12:49:41,,-3.546666667,,,-5.953333333,,-4.25,
1970-02-01 12:49:42,,,,,-5.57,,,
1970-02-01 12:49:43,,,,,-5.435,,,
1970-02-01 12:49:44,,,,,-5.231666667,,,
1970-02-01 12:49:45,,,,,-5.525833333,,,
1970-02-01 12:49:46,,,,,-5.906666667,,,
1970-02-01 12:49:47,,,,,-5.565,,,
1970-02-01 12:49:48,,,,,,,,-6.716666667
1970-02-01 12:49:49,,,,,,,-4.323333333,-6.258333333
1970-02-01 12:49:50,,,,,,,-4.455,-6.583333333
1970-02-01 12:49:51,,,,,,,-4.995,
1970-02-01 12:49:52,,,,,,,-4.39,
1970-02-01 12:49:53,,,,,,,-4.526666667,-6.735
1970-02-01 12:49:54,,,,,,,-4.725,-6.453333333
1970-02-01 12:49:55,,,,,,,-4.638333333,-6.54
1970-02-01 12:49:56,,,,,,,-4.52,-6.28
1970-02-01 12:49:57,,,,,,,-4.526666667,-6.76
1970-02-01 12:49:58,,,-3.903333333,,,,,-6.696666667
1970-02-01 12:49:59,,,,,-6.115,,,
1970-02-01 12:50:00,,,,,,-6.8525,,
1970-02-01 12:50:01,,,,,-6.31,,,
1970-02-01 12:50:02,,,,,-5.816666667,-6.203333333,,
1970-02-01 12:50:03,,,,,,,-4.53,
1970-02-01 12:50:04,,,,,,,,
1970-02-01 12:50:05,,,,,,,,
1970-02-01 12:50:06,,,,,-5.541666667,,,
1970-02-01 12:50:07,,,,,-5.64,,-4.386666667,
1970-02-01 12:50:08,,,,,-5.775,,,
1970-02-01 12:50:09,,,,,-5.501666667,,,
1970-02-01 12:50:10,,,,,,,,
1970-02-01 12:50:11,,,,,,,,
1970-02-01 12:50:12,,,,,,,,
1970-02-01 12:50:13,,-3.37,,,,,,
1970-02-01 12:50:14,,-3.535833333,,,-5.84,,,
1970-02-01 12:50:15,,,,,,,,
1970-02-01 12:50:16,,,,,,,,
1970-02-01 12:50:17,,,,,,,,
1970-02-01 12:50:19,,,,,,,,
1970-02-01 12:50:21,,,-3.955,,,,,-7.14
1970-02-01 12:50:22,,,-4.16,,,,-4.59,-7.07
1970-02-01 12:50:23,,,-4.3275,,,,-4.39,-7.395
1970-02-01 12:50:24,,,,,,,-4.66,
1970-02-01 12:50:25,,,-4.068333333,,,,-4.8,-8.115
1970-02-01 12:50:26,,,-4.241666667,,,,,-7.373333333
1970-02-01 12:50:27,,,-4.181666667,,,,-4.25,-8.033333333
1970-02-01 12:50:28,,,-4.16,,,,-4.25,-7.525
1970-02-01 12:50:29,,,-4.1,,,,-4.595,-7.503333333
1970-02-01 12:50:30,,,-3.82,,,,,-7.535
1970-02-01 12:50:31,,,,,,,,-7.6
1970-02-01 12:50:32,,,-4.043333333,,,,-4.185,-7.0025
1970-02-01 12:50:33,,,-3.62,,,,,
1970-02-01 12:52:01,,,,,,,,
1970-02-01 12:52:11,,,,,,,,
1970-02-01 12:52:12,,,,,-5.674,,,
1970-02-01 12:52:13,,,,,-5.36,-7.586666667,,
1970-02-01 12:52:14,,,,,-6.045,-8.22,,
1970-02-01 12:52:15,,,,,-5.89,-7.7825,,
1970-02-01 12:52:16,,,,,-6.11,-7.82,,
1970-02-01 12:52:17,,,,,-5.613333333,,,
1970-02-01 12:52:18,,,,,,,,
1970-02-01 12:52:30,,,,,,,,
1970-02-01 12:52:31,,,,,,,-5.32,
1970-02-01 12:52:32,,,,,,,,
1970-02-01 12:53:05,,,,,,,,
1970-02-01 12:53:06,,,,,,,,
1970-02-01 12:53:07,,,,,,,,
1970-02-01 12:53:08,,-4.51,,,,,,-8.25
1970-02-01 12:53:09,,,,,,,,
1970-02-01 12:53:10,,,,,,,,
1970-02-01 12:53:11,,,,,,,-5.99,
1970-02-01 12:53:12,,,,,,,,
1970-02-01 12:53:13,,,,,,,,
1970-02-01 12:53:14,,,,,,,,
1970-02-01 12:53:15,,,,,,,,
1970-02-01 12:53:16,,,,,-6.25,,,
1970-02-01 12:53:17,,,,,,,,
1970-02-01 12:53:18,,,,,,,,
1970-02-01 12:53:22,,,,,,,,
1970-02-01 12:53:23,,,,,,,,
1970-02-01 12:53:25,,,,,,,,
1970-02-01 12:53:26,,,,,,,,
1970-02-01 12:53:27,,,,,,,-5.655,
1970-02-01 12:53:28,,,,,,,,
1970-02-01 12:53:29,,,,,,,,
1970-02-01 12:53:30,,,,,,,,
1970-02-01 12:53:31,,,,,,,,
1970-02-01 12:53:32,,,,,,,,
1970-02-01 12:53:33,,,,,,,,
1970-02-01 12:53:34,,,,,,,,
1970-02-01 12:53:35,,,,,,,,
1970-02-01 12:53:37,,,,,,,,
1970-02-01 12:53:38,,,,,,,,
1970-02-01 12:53:39,,,,,,,,
1970-02-01 12:53:40,,,,,,,,
1970-02-01 12:53:41,,,,,,,,
1970-02-01 12:53:42,,,,,,,,
1970-02-01 12:53:43,,,,,,,,
1970-02-01 12:53:44,,,,,,,,
1970-02-01 12:53:46,,,,,,,,
1970-02-01 12:53:47,,,,,-5.7775,,,
1970-02-01 12:53:48,,,,,-5.75,,,
1970-02-01 12:53:50,,,,,,,,
1970-02-01 12:53:51,,,,,,,,
1970-02-01 12:53:52,,,,,,,-5.32,
1970-02-01 12:53:53,,,,,,,,
1970-02-01 12:53:54,,,,,,,,
1970-02-01 12:53:56,,,,,,,-5.05,
1970-02-01 12:53:57,,,,,,,,
1970-02-01 12:53:58,,,,,,,,
1970-02-01 12:53:59,,,,,,,,
1970-02-01 12:54:00,,,,,,,,
1970-02-01 12:54:03,,,,,,,,
1970-02-01 12:54:04,,,,,,,,
1970-02-01 12:54:05,,,,,,,,-7.785
1970-02-01 12:54:06,,,-4.088333333,,,,-5.59,-7.98
1970-02-01 12:54:07,,,-4.135,,,,-5.186666667,-7.59
1970-02-01 12:54:08,,,-3.7,,,,-5.785,-8.066666667
1970-02-01 12:54:09,,,-3.665,,,,-5.39,-7.59
1970-02-01 12:54:10,,,-3.36,,,,-5.368333333,-7.655
1970-02-01 12:54:11,,,-3.711666667,,,,-5.456666667,-7.915
1970-02-01 12:54:12,,,-4.075,,,,-5.26,-7.969166667
1970-02-01 12:54:13,,,-4.243333333,,,,-5.25,-7.546666667
1970-02-01 12:54:14,,,-4,,,,,-8.11
1970-02-01 12:54:15,,,-4.253333333,,,,-5.185,-7.85
1970-02-01 12:54:16,,,-4.065,,,,-4.72,-8.18
1970-02-01 12:54:17,,,-3.54,,,,-5.46,-7.958333333
1970-02-01 12:54:18,,,-4.386666667,,,,-5.093333333,-8.0175
1970-02-01 12:54:19,,,-3.865,,,,-4.913333333,-7.33
1970-02-01 12:54:20,,,,,,,-4.741666667,-7.33
1970-02-01 12:54:21,,,,,,,-4.966666667,
1970-02-01 12:54:22,,,,,,,,
1970-02-01 12:54:23,,,,,,,-5.166666667,
1970-02-01 12:54:24,,,,,,,-5.103333333,
1970-02-01 12:54:25,,,,,,,,
1970-02-01 12:54:26,,,,,,,,
1970-02-01 12:54:27,,,,,,,-4.8175,
1970-02-01 12:54:28,,,-3.716666667,,,,-5.055,-7.373333333
1970-02-01 12:54:29,,,-4.065,,,,-5.05,-7.33
1970-02-01 12:54:30,,,-3.74,,,,,-7.2975
1970-02-01 12:54:31,,,,,,,-4.99,-7.265
1970-02-01 12:54:32,,-4.13,,,,,-5.065,
1970-02-01 12:54:33,,-4.04,,,,,-5.038333333,-7.2
1970-02-01 12:54:34,,-3.905,,,,,-4.79,
1970-02-01 12:54:35,,-3.705,,,,,-4.67,-7.156666667
1970-02-01 12:54:36,,-3.77,,,,,-5.11,-6.87
1970-02-01 12:54:37,,-4.04,,,,,-4.795,-7.201666667
1970-02-01 12:54:38,,,-4.275,,,,,-7.31
1970-02-01 12:54:39,,,,,,,-4.780666667,-7.286666667
1970-02-01 12:54:40,,,,,,,-4.655,-6.94
1970-02-01 12:54:41,,,,,,,-4.836666667,-6.908333333
1970-02-01 12:54:42,,,,,,,-5,-6.936666667
1970-02-01 12:54:43,,,,,,,-4.818333333,-6.803333333
1970-02-01 12:54:44,,-4.18,,,,,-5.0975,-7.6
1970-02-01 12:54:45,,-3.775,,,,,,-7.168333333
1970-02-01 12:54:46,,,,,,,-4.72,-7.593333333
1970-02-01 12:54:47,,,,,,,-4.65,-7.416666667
1970-02-01 12:54:48,,-4.04,-3.94,,,,-4.715,-7.795
1970-02-01 12:54:49,,,,,,,,
1970-02-01 12:54:50,,,,,,,,
1970-02-01 12:54:51,,,,,,,,
1970-02-01 12:54:52,,,,,,,,
1970-02-01 12:54:54,,,,,,,,
1970-02-01 12:54:55,,,,,,,,
1970-02-01 12:54:56,,,,,,,,
1970-02-01 12:54:57,,,,,,,,
1970-02-01 12:54:58,,,,,,,,
1970-02-01 12:54:59,,,,,,,,
1970-02-01 12:55:00,,,,,,,,
1970-02-01 12:55:01,,,,,,,-4.8,
1970-02-01 12:55:02,,,,,,,,
1970-02-01 12:55:03,,,,,,,,
1970-02-01 12:55:04,,,,,,,,
1970-02-01 12:55:05,,,,,,,,
1970-02-01 12:55:06,,,,,,,,
1970-02-01 12:55:07,,,,,,,,
1970-02-01 12:55:08,,,,,,,,
1970-02-01 12:55:09,,,,,,,,-7.33
1970-02-01 12:55:10,,,,,,,,-7.46
1970-02-01 12:55:11,,,,,,,,
1970-02-01 12:55:13,,,,,,,,
1970-02-01 12:55:17,,,,,,,,
1970-02-01 12:55:18,,,,,,,,
1970-02-01 12:55:19,,,,,,,,
1970-02-01 12:55:20,,,,,,,,
1970-02-01 12:55:21,,,,,,,,
1970-02-01 12:55:22,,,,,,,,
1970-02-01 12:55:23,,,,,,,,
1970-02-01 12:55:24,,,,,,,,
1970-02-01 12:55:25,,,,,,,,
1970-02-01 12:55:26,,,,,,,,
1970-02-01 12:55:27,,,-3.555,,,,,
1970-02-01 12:55:28,,,,,,,,
1970-02-01 12:55:29,,,,,,,,
1970-02-01 12:55:30,,,,,,,,
1970-02-01 12:55:31,,,,,,,,
1970-02-01 12:55:32,,,,,,,,
1970-02-01 12:55:34,,,,,,,,
1970-02-01 12:55:35,,,,,,,,
1970-02-01 12:55:36,,,,,,,,
1970-02-01 12:55:38,,,,,,,,
1970-02-01 12:55:40,,,,,,,,
1970-02-01 12:55:41,,,,,,,,
1970-02-01 12:55:43,,,,,,,,
1970-02-01 12:55:44,,,,,,,,-8.25
1970-02-01 12:55:45,,,,,-5.57,,,
1970-02-01 12:55:46,,,,,-5.523333333,,-5.256666667,
1970-02-01 12:55:47,,,,,,,-5.525,
1970-02-01 12:55:48,,,,,,,,
1970-02-01 12:55:49,,,,,,,,-8.25
1970-02-01 12:55:50,,,,,,,-5.595,
1970-02-01 12:55:51,,,,,,,-5.65,
1970-02-01 12:55:52,,,,,,,-5.18,
1970-02-01 12:55:53,,,,,,,-5.58,
1970-02-01 12:55:54,,,,,,,-5.645,
1970-02-01 12:55:55,,,,,-6.39,,,
1970-02-01 12:55:56,,,,,,,-5.76,
1970-02-01 12:55:57,,,,,,,,-7.513333333
1970-02-01 12:55:58,,,,,,,,
1970-02-01 12:55:59,,,,,,,,
1970-02-01 12:56:00,,,,,,,,
1970-02-01 12:56:01,,,,,,,,
1970-02-01 12:56:02,,,,,,,,
1970-02-01 12:56:03,,,,,,,,
1970-02-01 12:56:04,,,,,,,,-7.643333333
1970-02-01 12:56:05,,,-3.81,,,,,
1970-02-01 12:56:06,,,-3.673333333,,,,-5.175,
1970-02-01 12:56:07,,,-3.875,,,,-5.25,-7.59
1970-02-01 12:56:08,,,,,,,-5.385,
1970-02-01 12:56:09,,,-3.943333333,,-5.835,,,
1970-02-01 12:56:10,,,-3.355,,,,,
1970-02-01 12:56:11,,,-4.215,,,,-5.11,-7.66
1970-02-01 12:56:12,,,,,-7.2,,-5.58,
1970-02-01 12:56:13,,,,,,,-6.245,-7.73
1970-02-01 12:56:14,,-5.79,,,,,-5.725,-7.73
1970-02-01 12:56:15,,-5.045,,,-6.926666667,,,-8.38
1970-02-01 12:56:16,,,,,,,-6.39,-7.59
1970-02-01 12:56:17,,,,,-6.8,,-5.72,-7.335
1970-02-01 12:56:18,,,-4.28,,,,-5.795,
1970-02-01 12:56:19,,,,,,,,-7.595
1970-02-01 12:56:20,,,,,-6.995,,-5.25,
1970-02-01 12:56:21,,-4.71,,,,,,
1970-02-01 12:56:22,,,,,-7.13,,,
1970-02-01 12:56:23,,,,,-7.095,,,-6.87
1970-02-01 12:56:24,,,-3.81,,,,,
1970-02-01 12:56:25,,,-4.07,,-8.215,,,
1970-02-01 12:56:26,,,,,,-9.9,,-7.005
1970-02-01 12:56:27,-4.97,,,,-7.065,,,
1970-02-01 12:56:28,,,-4.46,,-7.243333333,,,-6.94
1970-02-01 12:56:29,,,,,-7.6,,-5.31,-6.373333333
1970-02-01 12:56:30,,,,,,,-5.71,-6.29
1970-02-01 12:56:31,,,,,,-10.1,-5.655,
1970-02-01 12:56:32,,,-4.47,,-5.84,,-5.85,
1970-02-01 12:56:33,-4.64,,,,,,-5.65,
1970-02-01 12:56:34,,,,,,,-5.65,
1970-02-01 12:56:35,,-4.57,,,,,,
1970-02-01 12:56:36,-5.035,,-3.843333333,,-6.93,,-5.58,
1970-02-01 12:56:37,-4.83,,,,-6.795,,-5.31,
1970-02-01 12:56:38,,,-4.475,,-7.47,,-5.45,
1970-02-01 12:56:39,,,,,-6.795,,-5.78,
1970-02-01 12:56:40,,,-4.47,,,,,
1970-02-01 12:56:41,,,,,-6.8,,,
1970-02-01 12:56:44,,,,,,,,
1970-02-01 12:56:48,,,,,,,,
1970-02-01 12:56:50,,,,,,,,
1970-02-01 12:56:51,,,,,,,,
1970-02-01 12:56:56,,,,,,,,
1970-02-01 12:57:07,,,,,,,,
1970-02-01 12:57:19,,,,,,,,
1970-02-01 12:57:22,,,,,,,,
1970-02-01 12:57:24,,,,,,,,
1970-02-01 12:57:26,,,,,,,,
1970-02-01 12:57:27,,,,,,,,
1970-02-01 12:57:28,,,,,,,,
1970-02-01 12:57:29,,,,,,,,
1970-02-01 12:57:30,,,,,,,,
1970-02-01 12:57:33,,,,,,,,
1970-02-01 12:57:34,,,,,,,,
1970-02-01 12:57:35,,,,,,,,
1970-02-01 12:57:36,,,,,,,,
1970-02-01 12:57:39,,,,,,,,
1970-02-01 12:57:40,,,,,,,,
1970-02-01 12:57:41,,,,,,,,
1970-02-01 12:57:42,,,,,,,,
1970-02-01 12:57:44,,,,,,,,
1970-02-01 12:57:45,,,,,,,,
1970-02-01 12:57:46,,,,,,,,
1970-02-01 12:57:48,,,,,,,,
1970-02-01 12:57:51,,,,,,,,
1970-02-01 12:57:53,,,,,,,,
1970-02-01 12:57:54,,,,,,,,
1970-02-01 12:57:55,,,,,,,,
1970-02-01 12:57:56,,,,,,,,
1970-02-01 12:57:57,,,,,,,,
1970-02-01 12:57:59,,,-4.8,,,,,
1970-02-01 12:58:00,,,,,,,,
1970-02-01 12:58:02,,,,,,,,
1970-02-01 12:58:03,,,,,,,,
1970-02-01 12:58:04,,,,,,,,
1970-02-01 12:58:07,,,,,,,,
1970-02-01 12:58:08,,,,,,,,
1970-02-01 12:58:09,,,,,,,,
1970-02-01 12:58:10,,,,,,,,
1970-02-01 12:58:11,,,,,,,,
1970-02-01 12:58:12,,,,,,,,
1970-02-01 12:58:15,,,,,,,,
1970-02-01 12:58:16,,,,,,,,
1970-02-01 12:58:18,,,,,,,,
1970-02-01 12:58:21,,,,,,,,
1970-02-01 12:58:22,,,,,,,,
1970-02-01 12:58:23,,,-5.83,,,,,
1970-02-01 12:58:26,,,,,,,,
1970-02-01 12:58:27,,,,,,,,
1970-02-01 12:58:28,,,,,,,,
1970-02-01 12:58:29,,,,,,,,
1970-02-01 12:58:31,,,,,,,,
1970-02-01 12:58:32,,,,,,,,
1970-02-01 12:58:34,,,,,,,,
1970-02-01 12:58:36,,,,,,,,
1970-02-01 12:58:37,,,,,,,,
1970-02-01 12:58:38,,,-6.73,,,,,
1970-02-01 12:58:40,,,,,,,,
1970-02-01 12:58:41,,,,,,,,
1970-02-01 12:58:43,,,,,,,,
1970-02-01 12:58:44,,,,,,,,
1970-02-01 12:58:45,,,,,,,,
1970-02-01 12:58:46,,,,,,,,
1970-02-01 12:58:47,,,-6.33,,,,,
1970-02-01 12:58:48,,,,,,,,
1970-02-01 12:58:49,,,,,,,,
1970-02-01 12:58:50,,,,,,,,
1970-02-01 12:58:52,,,,,,,,
1970-02-01 12:58:53,,,,,,,,
1970-02-01 12:58:55,,,,,,,,
1970-02-01 12:58:56,,,,,,,,
1970-02-01 12:58:59,,,,,,,,
1970-02-01 12:59:00,,,,,,,,
1970-02-01 12:59:02,,,,,,,,
1970-02-01 12:59:03,,,,,,,,
1970-02-01 12:59:04,,,,,,,,
1970-02-01 12:59:05,,,-6.6,,,,,
1970-02-01 12:59:06,,,,,,,,
1970-02-01 12:59:09,,,,,,,,
1970-02-01 12:59:10,,,,,,,,
1970-02-01 12:59:11,,,,,,,,
1970-02-01 12:59:12,,,,,,,,
1970-02-01 12:59:13,,,-6.08,,,,,
1970-02-01 12:59:14,,,,,,,,
1970-02-01 12:59:17,,,,,,,,
1970-02-01 12:59:18,,,,,,,,
1970-02-01 12:59:20,,,,,,,,
1970-02-01 12:59:24,,,,,,,,
1970-02-01 12:59:25,,,,,,,,
1970-02-01 12:59:29,,,,,,,,
1970-02-01 12:59:30,,,,,,,,
1970-02-01 12:59:31,,,,,,,,
1970-02-01 12:59:32,,,,,,,,
1970-02-01 12:59:33,,,,,,,,
1970-02-01 12:59:34,,,,,,,,
1970-02-01 12:59:35,,,,,,,,
1970-02-01 12:59:36,,,,,,,,
1970-02-01 12:59:37,,,,,,,,
1970-02-01 12:59:38,,,,,,,,
1970-02-01 12:59:39,,,,,,,,
1970-02-01 12:59:40,,,-5.82,,,,,
1970-02-01 12:59:41,,,-5.68,,,,,
1970-02-01 12:59:42,,,,,,,,
1970-02-01 12:59:46,,,,,,,,
1970-02-01 12:59:51,,,,,,,,
1970-02-01 12:59:52,,,,,,,,
1970-02-01 12:59:53,,,,,,,,
1970-02-01 12:59:54,,,,,,,,
1970-02-01 12:59:56,,,,,,,,
1970-02-01 12:59:58,,,,,,,,
1970-02-01 13:00:00,,,,,,,,
1970-02-01 13:00:01,,,,,,,,
1970-02-01 13:00:03,,,,,,,,
1970-02-01 13:00:04,,,,,,,,
1970-02-01 13:00:05,,,,,,,,
1970-02-01 13:00:09,,,,,,,,
1970-02-01 13:00:13,,,,,,,,
1970-02-01 13:00:14,,,,,,,,
1970-02-01 13:00:16,,,,,,,,
1970-02-01 13:00:17,,,-5.03,,,,,
1970-02-01 13:00:19,,,,,,,,
1970-02-01 13:00:21,,,,,,,,
1970-02-01 13:00:23,,,,,,,,
1970-02-01 13:00:24,,,,,,,,
1970-02-01 13:00:25,,,,,,,,
1970-02-01 13:00:28,,,,,,,,
1970-02-01 13:00:29,,,,,,,,
1970-02-01 13:00:31,,,-5.03,,,,,
1970-02-01 13:00:33,,,,,,,,
1970-02-01 13:00:35,,,,,,,,
1970-02-01 13:00:37,,,,,,,,
1970-02-01 13:00:38,,,,,,,,
1970-02-01 13:00:39,,,,,,,,
1970-02-01 13:00:40,,,,,,,,
1970-02-01 13:00:42,,,,,,,,
1970-02-01 13:00:46,,,,,,,,
1970-02-01 13:00:48,,,-5.18,,,,,
1970-02-01 13:00:49,,,-5.04,,,,,
1970-02-01 13:00:51,,,,,,,,
1970-02-01 13:00:52,,,,,,,,
1970-02-01 13:00:53,,,,,,,,
1970-02-01 13:00:55,,,-5.02,,,,,
1970-02-01 13:00:56,,,,,,,,
1970-02-01 13:00:57,,,,,,,,
1970-02-01 13:00:59,,,,,,,,
1970-02-01 13:01:00,,,,,,,,
1970-02-01 13:01:01,,,,,,,,
1970-02-01 13:01:03,,,,,,,,
1970-02-01 13:01:04,,,,,,,,
1970-02-01 13:01:05,,,-5.04,,,,,
1970-02-01 13:01:07,,,,,,,,
1970-02-01 13:01:11,,,,,,,,
1970-02-01 13:01:12,,,,,,,,
1970-02-01 13:01:13,,,,,,,,
1970-02-01 13:01:14,,,,,,,,
1970-02-01 13:01:17,,,,,,,,
1970-02-01 13:01:18,,,,,,,,
1970-02-01 13:01:19,,,,,,,,
1970-02-01 13:01:20,,,,,,,,
1970-02-01 13:01:23,,,,,,,,
1970-02-01 13:01:24,,,,,,,,
1970-02-01 13:01:25,,,,,,,,
1970-02-01 13:01:26,,,,,,,,
1970-02-01 13:01:29,,,,,,,,
1970-02-01 13:01:32,,,,,,,,
1970-02-01 13:01:33,,,,,,,,
1970-02-01 13:01:34,,,,,,,,
1970-02-01 13:01:37,,,,,,,,
1970-02-01 13:01:38,,,,,,,,
1970-02-01 13:01:40,,,,,,,,
1970-02-01 13:01:41,,,,,,,,
1970-02-01 13:01:42,,,,,,,,
1970-02-01 13:01:45,,,,,,,,
1970-02-01 13:01:48,,,,,,,,
1970-02-01 13:01:52,,,,,,,,
1970-02-01 13:01:54,,,,,,,,
1970-02-01 13:01:58,,,,,,,,
1970-02-01 13:01:59,,,,,,,,
1970-02-01 13:02:02,,,,,,,,
1970-02-01 13:02:04,,,,,,,,
1970-02-01 13:02:05,,,,,,,,
1970-02-01 13:02:10,,,,,,,,
1970-02-01 13:02:11,,,,,,,,
1970-02-01 13:02:12,,,,,,,,
1970-02-01 13:02:14,,,,,,,,
1970-02-01 13:02:15,,,,,,,,
1970-02-01 13:02:16,,,,,,,,
1970-02-01 13:02:19,,,-6.06,,,,,
1970-02-01 13:02:20,,,,,,,,
1970-02-01 13:02:21,,,,,,,,
1970-02-01 13:02:22,,,,,,,,
1970-02-01 13:02:23,,,,,,,,
1970-02-01 13:02:25,,,,,,,,
1970-02-01 13:02:26,,,-5.67,,,,,
1970-02-01 13:02:27,,,,,,,,
1970-02-01 13:02:28,,,,,,,,
1970-02-01 13:02:29,,,,,,,,
1970-02-01 13:02:31,,,,,,,,
1970-02-01 13:02:36,,,,,,,,
1970-02-01 13:02:37,,,,,,,,
1970-02-01 13:02:39,,,,,,,,
1970-02-01 13:02:40,,,,,,,,
1970-02-01 13:02:41,,,,,,,,
1970-02-01 13:02:43,,,,,,,,
1970-02-01 13:02:44,,,,,,,,
1970-02-01 13:02:45,,,,,,,,
1970-02-01 13:02:48,,,,,,,,
1970-02-01 13:02:52,,,,,,,,
1970-02-01 13:02:55,,,,,,,,
1970-02-01 13:02:56,,,-5.41,,,,,
1970-02-01 13:02:58,,,-5.28,,,,,
1970-02-01 13:02:59,,,,,,,,
1970-02-01 13:03:01,,,,,,,,
1970-02-01 13:03:03,,,,,,,,
1970-02-01 13:03:04,,,,,,,,
1970-02-01 13:03:05,,,,,,,,
1970-02-01 13:03:06,,,,,,,,
1970-02-01 13:03:08,,,,,,,,
1970-02-01 13:03:09,,,-5.27,,,,,
1970-02-01 13:03:10,,,,,,,,
1970-02-01 13:03:12,,,,,,,,
1970-02-01 13:03:13,,,,,,,,
1970-02-01 13:03:14,,,,,,,,
1970-02-01 13:03:17,,,,,,,,
1970-02-01 13:03:18,,,-4.74,,,,,
1970-02-01 13:03:21,,,,,,,,
1970-02-01 13:03:23,,,-5.27,,,,,
1970-02-01 13:03:26,,,,,,,,
1970-02-01 13:03:27,,,,,,,,
1970-02-01 13:03:28,,,,,,,,
1970-02-01 13:03:29,,,,,,,,
1970-02-01 13:03:30,,,,,,,,
1970-02-01 13:03:31,,,,,,,,
1970-02-01 13:03:32,,,,,,,,
1970-02-01 13:03:33,,,,,,,,
1970-02-01 13:03:34,,,,,,,,
1970-02-01 13:03:35,,,,,,,,
1970-02-01 13:03:36,,,,,,,,
1970-02-01 13:03:37,,,,,,,,
1970-02-01 13:03:39,,,-5.385,,,,,
1970-02-01 13:03:40,,,,,,,,
1970-02-01 13:03:42,,,,,,,,
1970-02-01 13:03:44,,,,,,,,
1970-02-01 13:03:45,,,,,,,,
1970-02-01 13:03:46,,,,,,,,
1970-02-01 13:03:47,,,,,,,,
1970-02-01 13:03:50,,,,,,,,
1970-02-01 13:03:51,,,,,,,,
1970-02-01 13:03:53,,,,,,,,
1970-02-01 13:03:54,,,,,,,,
1970-02-01 13:03:55,,,,,,,,
1970-02-01 13:03:56,,,,,,,,
1970-02-01 13:03:57,,,,,,,,
1970-02-01 13:03:58,,,,,,,,
1970-02-01 13:04:01,,,,,,,,
1970-02-01 13:04:02,,,,,,,,
1970-02-01 13:04:04,,,,,,,,
1970-02-01 13:04:05,,,,,,,,
1970-02-01 13:04:06,,,,,,,,
1970-02-01 13:04:07,,,,,,,,
1970-02-01 13:04:08,,,,,,,,
1970-02-01 13:04:09,,,,,,,,
1970-02-01 13:04:10,,,,,,,,
1970-02-01 13:04:12,,,,,,,,
1970-02-01 13:04:13,,,,,,,,
1970-02-01 13:04:14,,,-5.65,,,,,
1970-02-01 13:04:15,,,,,,,,
1970-02-01 13:04:17,,,,,,,,
1970-02-01 13:04:18,,,,,,,,
1970-02-01 13:04:20,,,,,,,,
1970-02-01 13:04:21,,,,,,,,
1970-02-01 13:04:22,,,,,,,,
1970-02-01 13:04:25,,,,,,,,
1970-02-01 13:04:26,,,,,,,,
1970-02-01 13:04:27,,,,,,,,
1970-02-01 13:04:29,,,,,,,,
1970-02-01 13:04:30,,,,,,,,
1970-02-01 13:04:31,,,-5.12,,,,,
1970-02-01 13:04:32,,,,,,,,
1970-02-01 13:04:33,,,,,,,,
1970-02-01 13:04:34,,,,,,,,
1970-02-01 13:04:35,,,,,,,,
1970-02-01 13:04:36,,,,,,,,
1970-02-01 13:04:37,,,,,,,,
1970-02-01 13:04:38,,,,,,,,
1970-02-01 13:04:39,,,,,,,,
1970-02-01 13:04:40,,,,,,,,
1970-02-01 13:04:42,,,,,,,,
1970-02-01 13:04:44,,,,,,,,
1970-02-01 13:04:48,,,,,,,,
1970-02-01 13:04:56,,,,,,,,
1970-02-01 13:04:57,,,,,,,,
1970-02-01 13:04:58,,,,,,,,
1970-02-01 13:04:59,,,,,,,,
1970-02-01 13:05:00,,,,,,,,
1970-02-01 13:05:01,,,,,,,,
1970-02-01 13:05:02,,,,,,,,
1970-02-01 13:05:03,,-8.03,,,,,,
1970-02-01 13:05:04,,-8.163333333,,,,,,
1970-02-01 13:05:05,,,,,,,,
1970-02-01 13:05:06,,-8.34,,,,,,
1970-02-01 13:05:07,,,,,,,,
1970-02-01 13:05:08,,-8.933333333,,,,,,
1970-02-01 13:05:09,,,,,,,,
1970-02-01 13:05:10,,,,,,,,
1970-02-01 13:06:00,,,,,,,,
1970-02-01 13:06:01,,,,,,,,
1970-02-01 13:06:02,,,,,,,,
1970-02-01 13:06:03,,,,,,,,
1970-02-01 13:06:04,,,,,,,,
1970-02-01 13:06:05,,,,,,,,
1970-02-01 13:06:06,,,,,,,,
1970-02-01 13:06:07,,,,,,,,
1970-02-01 13:06:08,,-7.13,,,,,-11.4,
1970-02-01 13:06:09,,,,,,,-11,
1970-02-01 13:06:10,,,,,,,-11.4,
1970-02-01 13:06:11,,,,,,,-11.13,
1970-02-01 13:06:12,,,,,,,-11,
1970-02-01 13:06:13,,,,,,,-11.01,
1970-02-01 13:06:14,,,,,,,-10.73,-9.03
1970-02-01 13:06:15,,,,,,,-10.74,-9.16
1970-02-01 13:06:16,,,,,,,-11.41,-9.3
1970-02-01 13:06:17,,,-8.07,,,,,
1970-02-01 13:06:18,,,,,,,,
1970-02-01 13:06:19,,,,,,,,
1970-02-01 13:06:20,-5.12,,,,,,,
1970-02-01 13:06:21,,,,,,,,
1970-02-01 13:06:22,,,,,,,,
1970-02-01 13:06:23,,,,,,,,
1970-02-01 13:06:24,,,,,,,,
1970-02-01 13:06:25,,,,,-12.77,,,
1970-02-01 13:06:26,,,,,,,,
1970-02-01 13:06:27,,,,,-11.95,,,
1970-02-01 13:06:28,,,,,,,-10.61,
1970-02-01 13:06:29,,,,,,,-10.61,
1970-02-01 13:06:30,,-5.79,,,-11.82,,,
1970-02-01 13:06:31,,-6.73,,,-11.82,,,
1970-02-01 13:06:32,,-6.46,,,-11.41,,,
1970-02-01 13:06:33,,-7,,,-12.09,,,
1970-02-01 13:06:34,,-6.86,,,-11.28,,,
1970-02-01 13:06:35,,-6.86,,,-11.55,,,
1970-02-01 13:06:36,,,,,-11.27,,,
1970-02-01 13:06:37,,-6.73,,,-11.82,,,
1970-02-01 13:06:38,,-6.32,,,-11.14,,,
1970-02-01 13:06:39,,-6.46,,,-11.14,,,
1970-02-01 13:06:40,,-6.32,,,,,,
1970-02-01 13:06:41,,-6.46,,,,,,
1970-02-01 13:06:42,,-6.46,,,,,-12.06,
1970-02-01 13:06:43,,-6.32,,,-11.14,,-11.8,
1970-02-01 13:06:44,,-6.46,,,-11.41,,,
1970-02-01 13:06:45,,-7,,,-11.14,,,
1970-02-01 13:06:46,,-6.73,,,-11.69,,,
1970-02-01 13:06:47,,-6.59,,,-11.95,,,
1970-02-01 13:06:48,,-7.13,,,-12.22,,,
1970-02-01 13:06:49,,-6.19,,,-11.82,-12.5,,
1970-02-01 13:06:50,,-7,,,-11.54,,,
1970-02-01 13:06:51,,-6.72,,,,,,
1970-02-01 13:06:52,,-6.73,,,-11.54,,,
1970-02-01 13:06:53,,-6.32,,,-11.68,,,
1970-02-01 13:06:54,,-6.59,,,-11.68,,,
1970-02-01 13:06:55,,-7.13,,,-11.41,,,
1970-02-01 13:06:56,,-7.4,,,-11.96,,,
1970-02-01 13:06:57,,-7,,,-11.41,,,
1970-02-01 13:06:58,,-7,,,-11.81,,-12.32,
1970-02-01 13:06:59,,-7.13,,,-11.95,,,
1970-02-01 13:07:00,,-6.46,,,-12.09,,-12.04,
1970-02-01 13:07:01,,,,,-11.96,,,
1970-02-01 13:07:02,,,,,-13.04,,,
1970-02-01 13:07:03,,,,,,,,
1970-02-01 13:07:04,,,,,,,,
1970-02-01 13:07:05,,-5.78,,,-12.09,,-12.17,
1970-02-01 13:07:06,,-6.19,,,,,-11.64,
1970-02-01 13:07:07,,,,,,,,-12.04
1970-02-01 13:07:08,,,,,,,,
1970-02-01 13:21:12,,-5.423333333,,,-10.485,,,
1970-02-01 13:21:13,,-5.45,,,-10.615,,-10.7,
1970-02-01 13:21:14,,-5.255,,,-11,,-10.92666667,
1970-02-01 13:21:15,,,,,-11.11333333,,,
1970-02-01 13:21:16,,,,,-11.14,,,
1970-02-01 13:21:17,,,,,-10.91666667,,,
1970-02-01 13:21:18,,,,,-11.37,,,
1970-02-01 13:21:19,,,,,,,-10.89,-7.05
1970-02-01 13:21:20,,,,,,,-11.365,
1970-02-01 13:21:21,,,,,,,-11.34,-6.698333333
1970-02-01 13:21:22,,,,,,,-11.1925,-7.07
1970-02-01 13:21:23,,,,,,,-11.12833333,-6.94
1970-02-01 13:21:24,-6.37,,,,,,,
1970-02-01 13:21:25,-6.4,,,,,,,
1970-02-01 13:21:26,-6.74,,,,-12.04666667,,,
1970-02-01 13:21:27,,,,,-11.75,,,
1970-02-01 13:21:28,,,,,-11.29666667,,,
1970-02-01 13:21:29,,,,,-11.48,,,
1970-02-01 13:21:30,,,,,-11.18333333,,,
1970-02-01 13:21:31,,-5.45,,,-11.18333333,,-11.06,
1970-02-01 13:21:32,,,,,-10.91333333,,,
1970-02-01 13:21:33,,,,,-11.21,,,
1970-02-01 13:21:34,,,,,-10.97,,,-6.54
1970-02-01 13:21:35,,,,,,,,
1970-02-01 13:28:53,,,,,-12.61,,-11.9,
1970-02-01 13:28:54,,-7.46,,,-12.25,,-12.10833333,-9.815
1970-02-01 13:28:55,,-7.665,,,-12.16,,-11.995,
1970-02-01 13:28:56,,-6.935,,,-12.36166667,,-11.695,
1970-02-01 13:28:57,,-7.13,,,-12.295,,-11.67666667,-9.355
1970-02-01 13:28:58,,,,,-12.77,,-11.785,-9.885
1970-02-01 13:28:59,,,,,,,,
1970-02-01 13:29:01,,,,,,,,
1970-02-01 13:29:02,,-7.18,,,,,,-9.945
1970-02-01 13:29:03,,-8.0775,,,,,-10.9,-10.015
1970-02-01 13:29:04,,-6.868333333,,,,,-10.89,-9.225
1970-02-01 13:29:05,,-7.335,,,,,,
1970-02-01 13:29:06,,-7.535,,,,,-10.94333333,
1970-02-01 13:29:07,,-6.795,,,,,-10.84,-9.095
1970-02-01 13:29:08,,-6.645,,,,,-10.62,
1970-02-01 13:29:09,,-6.6,,,,,-10.8725,-9.29
1970-02-01 13:29:10,,-6.708333333,,,,,-10.11,-8.51
1970-02-01 13:29:11,,,,,-12.705,,,
1970-02-01 13:29:12,,,,,,,-10.905,-9.163333333
1970-02-01 13:29:13,,,,,,,-10.77,-9.29
1970-02-01 13:29:14,,,,,,,-11.045,-9.12
1970-02-01 13:29:15,,,,,,,-11.06166667,-8.575
1970-02-01 13:29:16,,,,,,,-11.12666667,
1970-02-01 13:29:17,,,,,,,-10.9,
1970-02-01 13:29:18,,,,,,,-10.852,-9.56
1970-02-01 13:29:19,,,,,-12.22,,-11.11,
1970-02-01 13:29:20,,,,,-12.47,,-10.84,-9.386666667
1970-02-01 13:29:21,,,,,-12.705,,-11.21,-9.04
1970-02-01 13:29:22,,,,,-12.45666667,,-10.63333333,
1970-02-01 13:29:23,,-6.325,,,-12.99333333,,-10.81666667,-9.035
1970-02-01 13:29:24,,,,,,,,-9.03
1970-02-01 13:29:25,,,,,,,-10.491,
1970-02-01 13:29:26,,,,,,,-10.49333333,
1970-02-01 13:29:27,,,,,,,-10.62333333,
1970-02-01 13:29:28,,,,,,,-10.56,-9.165
1970-02-01 13:29:29,-10.6,,-10.88,,,,-10.29,
1970-02-01 13:29:30,-10.72833333,,,,-12.7,,,
1970-02-01 13:29:31,,,,,-12.953,,,
1970-02-01 13:29:32,,,,,-12.9375,,,
1970-02-01 13:29:33,,,,,-12.765,,,
1970-02-01 13:29:34,,-6.53,,,-13.04,,,
1970-02-01 13:29:35,,-6.326666667,,,-12.86,,-10.23333333,
1970-02-01 13:29:36,,,,,-12.88333333,,-10.57,-8.51
1970-02-01 13:29:37,,,,,-12.84,,-10.705,
1970-02-01 13:29:38,,,,,-12.65833333,,-11.11,
1970-02-01 13:29:39,,,,,,,-10.68,-8.25
1970-02-01 13:29:40,,,,,,,-10.63666667,-8.315
1970-02-01 13:29:41,,-6.595,,,-12.81333333,,-10.36,-8.705
1970-02-01 13:29:42,-10.75,,,,,,,
1970-02-01 13:29:43,-11.08,,,,-13.5625,,,
1970-02-01 13:29:44,,,,,-13.40333333,,,
1970-02-01 13:29:45,-10.53166667,,,,-13.3925,,,
1970-02-01 13:29:46,-10.41,,,,-13.311,,,
1970-02-01 13:29:47,-10.72,,,,-13.5,,,
1970-02-01 13:29:48,,,,,-13.36166667,,,
1970-02-01 13:29:49,,-6.436666667,,,-13.13,,,
1970-02-01 13:29:50,,-6.146666667,,,-12.67666667,,-9.886666667,
1970-02-01 13:29:51,,-6.255,,,-12.43,,,
1970-02-01 13:29:52,,-6.19,,,-12.67666667,,,
1970-02-01 13:29:53,,-5.855,,,-12.775,,,
1970-02-01 13:29:54,,-6.233333333,,,-12.54333333,,-9.975,
1970-02-01 13:29:55,,-6.33,,,-12.495,,,
1970-02-01 13:29:56,,,,,-12.7675,,,
1970-02-01 13:29:57,,,,,-12.635,,,
1970-02-01 13:29:58,,,,,-12.6625,,,
1970-02-01 13:29:59,,,,,-12.99,,,
1970-02-01 13:30:00,,,,,-13.02266667,,,
1970-02-01 13:30:01,,,,,-13.366,,,
1970-02-01 13:30:02,,,,,-12.8725,,,
1970-02-01 13:30:03,,-6.1,,,-12.34333333,,,
1970-02-01 13:30:04,,-5.99,,,,,-10.20833333,
1970-02-01 13:30:05,,-5.783333333,,,,,-9.69,
1970-02-01 13:40:52,,,,,,,,
1970-02-01 13:40:53,,-4.27,,,,,,-7.8
1970-02-01 13:40:54,,-4.256666667,,,-11.41666667,,,
1970-02-01 13:40:55,,,,,-11.755,,,
1970-02-01 13:40:56,,,,,,,,
1970-02-01 13:40:57,,,,,,,,
1970-02-01 13:40:58,,,,,,,,
1970-02-01 13:40:59,,,,,,,,
1970-02-01 13:41:00,,,,,,,,
1970-02-01 13:41:01,,,,,,,,
1970-02-01 13:41:02,,,,,,,,
1970-02-01 13:41:03,,,,,,,,
1970-02-01 13:41:04,,,,,,,,
1970-02-01 13:41:05,,,,,,,,
1970-02-01 13:41:06,,,,,,,,
1970-02-01 13:41:07,,,,,,,,
1970-02-01 13:41:08,,,,,-11.00166667,,,
1970-02-01 13:41:09,,-4.235,,,-11.01,,,
1970-02-01 13:41:10,,,,,-11.02,,,
1970-02-01 13:41:11,,,,,-11.02666667,,,
1970-02-01 13:41:12,,,,,-10.59833333,,,
1970-02-01 13:41:13,,,,,-10.64166667,,,-8.12
1970-02-01 13:41:14,,,,,,,-8.01,-7.816666667
1970-02-01 13:41:15,,,,,,,,-7.595
1970-02-01 13:41:16,,,-5.26,,,,,
1970-02-01 13:41:17,,,,,,,,
1970-02-01 13:41:18,,,,,,,,
1970-02-01 13:41:19,,,,,,,,
1970-02-01 13:41:20,-5.4,,-5.09,,,,,
1970-02-01 13:41:21,,,-5.425,,,,,
1970-02-01 13:41:22,,,,,,,,
1970-02-01 13:41:23,,,,,,,,
1970-02-01 13:41:24,,,,,,,,
1970-02-01 13:41:25,,,,,,,,
1970-02-01 13:41:26,,,,,,,,
1970-02-01 13:41:27,,,,,,,,
1970-02-01 13:41:28,,,,,,,,
1970-02-01 13:41:29,,,,,,,,
1970-02-01 13:41:30,,,,,,,,
1970-02-01 13:41:31,-5.38,,,,-10.05,,,
1970-02-01 13:41:32,,,,,-9.711666667,,,
1970-02-01 13:41:33,,,,,-9.64,,,
1970-02-01 13:41:34,,,,,,,,
1970-02-01 13:41:35,,,-5.9575,,,,,
1970-02-01 13:41:36,,,-5.935,,,,,-7.9575
1970-02-01 13:41:37,,,-5.9175,,,,,
1970-02-01 13:41:38,,,-5.933333333,,,,,
1970-02-01 13:41:39,,,,,,,,
1970-02-01 13:41:40,,,-6.09,,,,,
1970-02-01 13:41:41,,,-6.355,,,,,
1970-02-01 13:41:42,,,,,-9.193333333,,,-8.16
1970-02-01 13:41:43,,,,,-9.245,,,-7.896666667
1970-02-01 13:41:44,,,,,-9.38,,,-8.12
1970-02-01 13:41:45,,,,,,,,
1970-02-01 13:41:46,,,,,-9.196666667,,,
1970-02-01 13:41:47,,,,,-8.835,,,
1970-02-01 13:41:48,,,,,-8.851666667,,,
1970-02-01 13:41:49,,,,,-8.946666667,,,
1970-02-01 13:41:50,,,,,-9.205,,,
1970-02-01 13:41:51,,,,,,,,
1970-02-01 13:41:52,,,,,,,,
1970-02-01 13:41:53,,,,,,,,
1970-02-01 13:41:54,,,,,,,,
1970-02-01 13:41:55,,,,,,,,
1970-02-01 13:41:56,,,,,-9.173333333,,,
1970-02-01 13:41:57,,,,,-9.01,,,
1970-02-01 13:41:58,,,,,-9.31,,,
1970-02-01 13:41:59,,,,,-9.193333333,,,
1970-02-01 13:42:00,,,,,,,,
1970-02-01 13:42:01,,,,,,,,
1970-02-01 13:42:02,,,-6.475,,,,,
1970-02-01 13:42:03,,,,,,,,
1970-02-01 13:42:04,,,,,,,,
1970-02-01 13:42:05,,,,,,,,
1970-02-01 13:42:06,,,,,-8.83,,,
1970-02-01 13:42:07,,,,,-8.96,,,
1970-02-01 13:42:08,,,,,-9.19,,,
1970-02-01 13:42:09,,,,,,,,
1970-02-01 13:42:10,,,,,-9.65,,,
1970-02-01 13:42:11,,,,,-9.526,,,
1970-02-01 13:42:12,,,,,,,,
1970-02-01 13:55:34,,,,,,,,
1970-02-01 13:55:35,,-2.488333333,,,,,,
1970-02-01 13:55:36,,,,,,,,
1970-02-01 13:55:40,,,,,,,,
1970-02-01 13:55:41,,,,,,,,
1970-02-01 13:55:42,,,,,,,,
1970-02-01 13:55:43,,,,,,,,
1970-02-01 13:55:44,,,-9.1575,,,,,
1970-02-01 13:55:45,,,,,,,,
1970-02-01 13:55:46,,,,,,,-9.253333333,
1970-02-01 13:55:47,,,,,,,-9.26,
1970-02-01 13:55:48,,,-9.69,,,,-9.13,-10.325
1970-02-01 13:55:49,,,-9.423333333,,,,,-10.34
1970-02-01 13:55:50,,,,,,,,-10.34
1970-02-01 13:55:51,,,,,,,,
1970-02-01 13:55:52,,,,,,,,
1970-02-01 13:55:53,,,,,,,,
1970-02-01 13:55:54,,,,,,,,
1970-02-01 13:55:55,,,,,,,,
1970-02-01 13:55:56,,,,,,,,
1970-02-01 13:55:57,,,,,,,,
1970-02-01 13:55:58,,,,,,,,
1970-02-01 13:55:59,,,,,-9.405,,,
1970-02-01 13:56:00,,,,,,,,
1970-02-01 13:56:01,,,,,,,,
1970-02-01 13:56:02,,,,,,,,
1970-02-01 13:56:03,,,,,-9.515,,,
1970-02-01 13:56:04,,,,,,,,
1970-02-01 13:56:05,-6.056666667,,,,,,,
1970-02-01 13:56:06,,,,,-9.37,,,
1970-02-01 13:56:07,,,,,,,,
1970-02-01 13:56:08,-6.215,,-11.13166667,,,,,
1970-02-01 13:56:09,,,,,,,,
1970-02-01 13:56:10,,,,,,,,
1970-02-01 13:56:11,,,,,-9.37,,,
1970-02-01 13:56:12,,,,,-9.24,,,
1970-02-01 13:56:13,,,,,-9.38,,,
1970-02-01 13:56:14,,,,,-9.37,,,
1970-02-01 13:56:15,,,-10.8025,,,,,-10.08
1970-02-01 13:56:16,,,-10.995,,,,,-10.275
1970-02-01 13:56:17,,,-11.0675,,,,,-10.61
1970-02-01 13:56:18,,,-11.1325,,,,,
1970-02-01 13:56:19,,,,,,,,
1970-02-01 13:56:20,,,,,,,-8.485,
1970-02-01 13:56:21,,,,,,,-8.3475,
1970-02-01 13:56:22,,,,,,,,
1970-02-01 13:56:23,,,,,,,,
1970-02-01 13:56:24,,,,,,,,
1970-02-01 13:56:25,,,,,,,,
1970-02-01 13:56:26,,,,,,,,
1970-02-01 13:56:27,,,,,,,,
1970-02-01 13:56:28,,,,,,,,
1970-02-01 13:56:45,,,,,,,,
1970-02-01 13:56:46,,,,,,,,
1970-02-01 13:56:47,,,,,,,,
1970-02-01 13:56:48,,,,,,,,
1970-02-01 13:56:49,,,,,,,,
1970-02-01 13:56:50,,,,,,,,
1970-02-01 13:56:51,,,,,,,,
1970-02-01 13:56:52,,,,,,,,
1970-02-01 13:56:53,,,,,,,,
1970-02-01 13:56:54,,,,,,,,
1970-02-01 15:12:18,,,,,,,,
1970-02-01 15:12:19,,,,,,,-3.743333333,
1970-02-01 15:12:20,,,,,,,-4.1,
1970-02-01 15:12:21,,,,,-4.49,,-3.923333333,
1970-02-01 15:12:22,,,,,-4.62,,-3.765,-4.18
1970-02-01 15:12:23,,,,,,,-3.905,-4.125
1970-02-01 15:12:24,,,,,,,-3.916666667,-4.406666667
1970-02-01 15:12:25,,,,,-4.48,,-3.835,
1970-02-01 15:12:26,,,,,-4.885,,-4.1,
1970-02-01 15:12:27,,,,,-4.75,,-4.188333333,-4.32
1970-02-01 15:12:28,,-3.39,,,,,-4.16,-4.0275
1970-02-01 15:12:29,,-2.916666667,,-1.465,,,,
1970-02-01 15:12:30,,,,,,,,
1970-02-01 15:12:31,,,,,,,,
1970-02-01 15:12:32,,,,,,,,
1970-02-01 15:12:33,,,,,,,,
1970-02-01 15:12:34,,-2.963333333,,,-4.89,,,
1970-02-01 15:12:35,,,,,-4.415,,,
1970-02-01 15:12:36,,,,,,,,
1970-02-01 15:12:37,,-3.03,,,,,-3.895,
1970-02-01 15:12:38,,-2.965,,,,,-4.371666667,
1970-02-01 15:12:39,,-3.295,,,-5.1275,,,
1970-02-01 15:12:40,,,,,-4.415,,,
1970-02-01 15:12:41,,,,,-5.066666667,,,
1970-02-01 15:12:42,,,,,-4.843333333,,,
1970-02-01 15:12:43,,,,,,,,
1970-02-01 15:12:44,,,-5.87,,,,,
1970-02-01 15:12:45,,,-5.985,,,,,-4.515
1970-02-01 15:12:46,,,,,,,-4.015,-4.6175
1970-02-01 15:12:47,,,,,,,-3.56,-3.988333333
1970-02-01 15:12:48,,,,,,,-4.013333333,-4.25
1970-02-01 15:12:49,,,,,,,-4.286666667,
1970-02-01 15:12:50,,,,,-4.685,,-4.105,
1970-02-01 15:12:51,,,,,,,,
1970-02-01 15:12:52,,,,,-4.345,,-3.895,
1970-02-01 15:12:53,,,,,-4.55,,-4.15,
1970-02-01 15:12:54,,,,,-4.885,,-3.871666667,
1970-02-01 15:12:55,,,,,-4.42,,-4.0025,
1970-02-01 15:12:56,,,,,-4.71,,,
1970-02-01 15:12:57,,,,,-4.35,,-3.965,
1970-02-01 15:12:58,,,,,-5.16,,-3.811666667,
1970-02-01 15:12:59,,,,,-4.756666667,,-3.765,
1970-02-01 15:13:00,,,,,-5.03,,-4.1,
1970-02-01 15:13:01,,,,,-4.61,,,
1970-02-01 15:13:02,,-2.645,,,-4.28,,,
1970-02-01 15:13:03,,,,-1.973333333,-4.866666667,,,
1970-02-01 15:13:04,,,,,-4.658333333,,,
1970-02-01 15:13:05,,,,-1.913333333,-4.55,,,
1970-02-01 15:13:06,,,,-1.0625,-4.41,,,
1970-02-01 15:13:07,,,,,-4.53,,,
1970-02-01 15:13:08,,-3.165,,,-4.49,,,
1970-02-01 15:13:09,,-2.776666667,,,-4.415,,,
1970-02-01 15:13:10,,-2.69,,,-4.365,,,
1970-02-01 15:13:11,,-2.96,,,-4.46,,,
1970-02-01 15:13:12,,-3.053333333,,,-4.275,,,
1970-02-01 15:13:13,,-2.965,,,-4.21,,,
1970-02-01 15:13:14,,-2.826666667,,-1.473333333,,,,
1970-02-01 15:13:15,,-2.955,,-0.52,,,,
1970-02-01 15:13:16,,,,,-4.213333333,,,
1970-02-01 15:13:17,,,,,-4.711666667,,,
1970-02-01 15:13:18,,-2.89,,-0.82,-4.481666667,,,
1970-02-01 15:13:19,,,,,-4.755,,,
1970-02-01 15:13:20,,-3.5,,,-4.48,-0.94,,
1970-02-01 15:13:21,,,,,,-1.963333333,,
1970-02-01 15:13:22,,,,-0.92,-4.12,-2.68,,
1970-02-01 15:13:23,,,,-0.635,-3.983333333,,,
1970-02-01 15:13:24,,,,,-4.3,,,
1970-02-01 15:13:25,,-2.82,,,-4.685,,,
1970-02-01 15:13:26,,,,,,,,
1970-02-01 15:13:27,,,,,-4.298333333,,,
1970-02-01 15:13:28,,,,,-4.21,,,
1970-02-01 15:13:29,,,,,-4.11,,,
1970-02-01 15:13:30,,,,,-4.436666667,,,
1970-02-01 15:13:31,,-2.783333333,,,-4.48,,,
1970-02-01 15:13:32,,,,-1.035,-4.616666667,,,
1970-02-01 15:13:33,,,,,,,,
1970-02-01 15:13:34,-4.586666667,,,,,,,
1970-02-01 15:13:35,-4.625,,,,-4.48,,,
1970-02-01 15:13:36,-5.0875,,,,,,,
1970-02-01 15:13:37,-4.89,,,,,,,
1970-02-01 15:13:38,-4.673333333,,,,,,,
1970-02-01 15:13:39,-4.895,,,,,,,
1970-02-01 15:13:40,-4.803333333,,,,,,,
1970-02-01 15:13:41,-4.771666667,,,,,,,
1970-02-01 15:13:42,-4.295,,,,,,,
1970-02-01 15:13:43,-4.828333333,,,,,,,
1970-02-01 15:13:44,-4.803333333,,,,,,,
1970-02-01 15:13:45,,,,,-3.98,,,
1970-02-01 15:13:46,,-2.783333333,,,-4.256666667,,,
1970-02-01 15:13:47,,-2.76,,,-3.605,,,
1970-02-01 15:13:48,,-3.23,,,,,-4.105,
1970-02-01 15:13:49,,-3.295,,,-4.55,,,
1970-02-01 15:13:50,,-2.555,,,-4.118333333,,,-4.65
1970-02-01 15:13:51,,,-5.686666667,,-4.62,,,-5.148333333
1970-02-01 15:13:52,,,,,-4.275,,,
1970-02-01 15:13:53,,,-5.956666667,,-4.21,,,
1970-02-01 15:13:54,,,-5.93,,-4.53,,,
1970-02-01 15:13:55,,-3.03,,,-4.41,,,-5.24
1970-02-01 15:13:56,,,,,-4.526666667,,,-5.196666667
1970-02-01 15:13:57,,-2.895,-5.743333333,,-4.21,,,-5.24
1970-02-01 15:13:58,,-3.095,-5.665,,,,-4.035,-5.035
1970-02-01 15:13:59,,-3.025,-5.73,,-4.14,,-3.695,-4.91
1970-02-01 15:14:00,,-2.913333333,,,-3.87,,,-5.11
1970-02-01 15:14:01,,-2.805,-5.74,,-4.276666667,,-3.77,
1970-02-01 15:14:02,,-2.955,-5.47,,-3.945,,-4.013333333,
1970-02-01 15:14:03,,-2.895,-5.86,,-4.346666667,,-3.905,
1970-02-01 15:14:04,,-3.1,,,-4.21,,,
1970-02-01 15:14:05,,-2.76,,,-4.658333333,,-4.2725,
1970-02-01 15:14:06,,-2.736666667,-5.67,,,,,
1970-02-01 15:14:07,,-2.965,,,-4.345,,-3.523333333,
1970-02-01 15:14:08,,-2.96,,,-4.706666667,,-3.765,
1970-02-01 15:14:09,,-2.846666667,,,-4.575,,,
1970-02-01 15:14:10,,-3.095,,,-4.42,,,
1970-02-01 15:14:11,,-2.825,,,-4.42,,-4.06,
1970-02-01 15:14:12,,,,,-4.211666667,,-3.743333333,
1970-02-01 15:14:13,,-2.825,,,-4.618333333,,,
1970-02-01 15:14:14,,-3.03,,-1.45,-4.555,,,
1970-02-01 15:14:15,,-3.503333333,,,-4.416666667,,,
1970-02-01 15:14:16,,-3.093333333,,,-4.145,,,
1970-02-01 15:14:17,,-2.871666667,,,-3.963333333,,,
1970-02-01 15:14:18,,-3.141666667,,,-4.39,,,
1970-02-01 15:14:19,,-2.825,,,-4.215,,,
1970-02-01 15:14:20,,-3.16,,,-4.096666667,,,
1970-02-01 15:14:21,,-3.295,,-0.29,-4.21,,,
1970-02-01 15:14:22,,-3.1,,,-4.308333333,,,
1970-02-01 15:14:23,,-2.803333333,,,-4.1125,,,
1970-02-01 15:14:24,,-2.736666667,,,-4.1,,,
1970-02-01 15:14:25,,-3.095,,,,,,
1970-02-01 15:14:26,,,,,,,,-4.645
1970-02-01 15:14:27,,-2.7575,,,-4.28,,,-4.32
1970-02-01 15:14:28,,,,,-3.983333333,,-4.158333333,-4.52
1970-02-01 15:14:29,,,,,,,,
1970-02-01 16:04:15,,,,,,,,
1970-02-01 16:04:16,,-7.065,,,,,,
1970-02-01 16:04:17,,-7.27,,,-9.665,,-7.761666667,
1970-02-01 16:04:18,,-6.95,,,-9.85,,-7.375,-11.21666667
1970-02-01 16:04:19,,-6.906666667,,,-9.78,,-7.635,-11.36833333
1970-02-01 16:04:20,,-6.956666667,,,,,-7.71,-11.585
1970-02-01 16:04:21,,-7.024,,,,,-7.913333333,
1970-02-01 16:04:22,,-7.1275,,,-10.12,,,
1970-02-01 16:04:23,,-6.716666667,,,-10.19,,-7.816666667,
1970-02-01 16:04:24,,-7.065,,,-10.18,,-7.973333333,
1970-02-01 16:04:25,,-6.795,,,-10.61833333,,-7.68,
1970-02-01 16:04:26,,-6.255,,,-10.46,,-7.235,
1970-02-01 16:04:27,,,,,-10.125,,-7.793333333,-11.85
1970-02-01 16:04:28,,-6.01,,,-9.91,,-7.676666667,-11.72
1970-02-01 16:04:29,,-6.125,,,-10.30333333,,-7.84,
1970-02-01 16:04:30,,-6.59,,,-10.46,,-7.726666667,
1970-02-01 16:04:31,,-6.55,,,-10.37,,-7.816666667,
1970-02-01 16:04:32,,-6.12,,,,,-7.905,-11.655
1970-02-01 16:04:33,,-6.33,,,-10.77333333,,-7.905,-11.585
1970-02-01 16:04:34,,-6.66,,-4.17,-10.67,,-7.686666667,-11.47166667
1970-02-01 16:04:35,,,,,-10.32,,-7.611666667,-11.855
1970-02-01 16:04:36,,-5.516666667,,,,,-8.035,-11.72
1970-02-01 16:04:37,,,,,,,-7.77,
1970-02-01 16:04:38,,-5.746666667,,-4.275,,,,-12.11
1970-02-01 16:04:39,,-5.678333333,,,,,-7.63,-11.70333333
1970-02-01 16:04:40,,-5.855,,,-10.41333333,,-7.57,-11.48333333
1970-02-01 16:04:41,,-6.505,,,,,-7.635,-11.74
1970-02-01 16:04:42,,,,,,,,
1970-02-01 16:04:43,,-6.395,,,,,-7.155,
1970-02-01 16:04:44,,-5.696666667,,,,,-7.523333333,
1970-02-01 16:04:45,,-6.53,,,,,-7.77,
1970-02-01 16:04:46,,-6.73,,,,,,
1970-02-01 16:04:47,,-6.556666667,,,,,-7.705,
1970-02-01 16:04:48,,,,,-10.59,,,
1970-02-01 16:04:49,,-6.99,,,,,,
1970-02-01 16:04:50,,-6.978333333,,,,,,-11.385
1970-02-01 16:04:51,,,,,,,,
1970-02-01 16:04:52,,,,,,,,
1970-02-01 16:04:53,,,,,,,,
1970-02-01 16:04:54,,,,,,,,
1970-02-01 16:04:55,,-7.07,,-3.855,-9.916666667,,,
1970-02-01 16:04:56,,,,,,,-7.5,-11.39
1970-02-01 16:04:57,,,,,,,,-11.52
1970-02-01 16:04:58,,,,,,,,
1970-02-01 16:04:59,,,,,,,-7.23,-11.26
1970-02-01 16:05:00,,-6.903333333,,,,,-7.336666667,
1970-02-01 16:05:01,,-7.3025,,,,,-7.37,
1970-02-01 16:05:02,,-7.535,,,,,,
1970-02-01 16:05:03,,,,,,,-7.448333333,
1970-02-01 16:05:04,,-7.67,,,,,-7.435,-11.13
1970-02-01 16:05:05,,,,,-10.68666667,,-7.23,
1970-02-01 16:05:06,,,,,-10.74,,,
1970-02-01 16:05:07,,-7.065,,,-9.99,,-7.386666667,
1970-02-01 16:05:08,,-6.99,,,,,-7.24,
1970-02-01 16:05:09,,-7.47,,,,,-7.295,-11.43333333
1970-02-01 16:05:10,,-6.835,,,-10.46,,-6.965,
1970-02-01 16:05:11,,-6.59,,,-10.87,,-7.36,
1970-02-01 16:05:26,,,,,-10.685,,,-11.23
1970-02-01 16:05:27,,-7.58,,,,,-7.73,
1970-02-01 16:05:28,,-7.826666667,,,,,-7.495,-11.39
1970-02-01 16:05:29,,,,,-10.25,,-7.555,
1970-02-01 16:05:30,,-7.176666667,,,-10.12,,-7.313333333,-11.715
1970-02-01 16:05:31,,-7.54,,,-10.665,,-7.355,
1970-02-01 16:05:32,,-7.446666667,,,-10.53,,-7.63,
1970-02-01 16:05:33,,-7.135,,,,,-7.49,-11.52
1970-02-01 16:05:34,,-7.1275,,,,,-7.02,
1970-02-01 16:05:35,,-7.22,,,,,-7.271666667,-11.26
1970-02-01 16:05:36,,-7.265,,,,,,-11.52333333
1970-02-01 16:05:37,,-7.165,,,,,,-11.79
1970-02-01 16:05:38,,-7.42,,,,,,
1970-02-01 16:05:39,,-7.018333333,,,,,-7.586666667,
1970-02-01 16:05:40,,-7.758333333,,,,,,
1970-02-01 16:05:41,,-7.4,,,,,-7.77,-11.52
1970-02-01 16:05:42,,-7.176666667,,,,,-7.5,
1970-02-01 16:05:43,,,,,,,-7.76,
1970-02-01 16:05:44,,-6.66,,,,,-7.76,
1970-02-01 16:05:45,,-6.19,,,-9.91,,-7.676666667,-11.52
1970-02-01 16:05:46,,,,,,,-7.746666667,-10.86
1970-02-01 16:05:47,,,,,,,-7.68,
1970-02-01 16:05:48,,,,,,,-7.946666667,
1970-02-01 16:05:49,,,,,,,-7.9,
1970-02-01 16:05:50,,,,,,,-8.04,-11.39
1970-02-01 16:05:51,,,,,,,-7.7025,-11.58666667
1970-02-01 16:05:52,,,,,,,-7.99,
1970-02-01 16:05:53,,-3.5675,,,,,-7.62,
1970-02-01 16:05:54,,-4.105,,,,,-7.713333333,
1970-02-01 16:05:55,,,,,,,-7.538333333,
1970-02-01 16:05:56,,,,,,,-8.305,
1970-02-01 16:05:57,,,,,,,-7.923333333,
1970-02-01 16:05:58,,-3.9625,,,,,-7.646666667,
1970-02-01 16:05:59,,,,,-10.53,,-7.763333333,-11.52
1970-02-01 16:06:00,,,,,,,-7.713333333,
1970-02-01 16:06:01,,,,,,,-7.49,
1970-02-01 16:06:02,,-3.03,,,-10.46,,-7.666666667,-11.52
1970-02-01 16:06:03,,-3.97,,,-10.66,,-7.355,
1970-02-01 16:06:04,,-4.571666667,,,,,-7.536666667,
1970-02-01 16:06:05,,-4.821666667,,,,,-7.536666667,
1970-02-01 16:06:06,,,,,-10.50666667,,-7.406666667,
1970-02-01 16:06:07,,-4.89,,,-11.075,,-7.626666667,
1970-02-01 16:06:08,,-5.331666667,,,,,-7.466666667,
1970-02-01 16:06:09,,-5.605,,,,,,-12.05
1970-02-01 16:06:10,,-5.65,,,-11.205,,-7.825,-11.52
1970-02-01 16:06:11,,-5.783333333,,,,,-7.54,
1970-02-01 16:06:12,,-5.59,,,-11.14,,-7.85,
1970-02-01 16:06:13,,-5.658333333,,,-10.71166667,,-7.495,
1970-02-01 16:06:14,,-5.895,,,-10.73,,-7.67,
1970-02-01 16:06:15,,-5.855,,,,,-7.676666667,-11.715
1970-02-01 16:06:16,,-5.538333333,,,,,-7.416666667,-11.82333333
1970-02-01 16:06:17,,-5.65,,,,,-7.703333333,
1970-02-01 16:06:18,,-5.518333333,,,,,-7.97,
1970-02-01 16:06:19,,-5.58,,,-10.86,,-7.975,
1970-02-01 16:06:20,,-5.808333333,,,,,-7.63,
1970-02-01 16:06:21,,-5.925,,,,,-7.428333333,
1970-02-01 16:06:22,,-5.32,,,,,-7.72,
1970-02-01 16:06:23,,-5.563333333,,,,,-7.5,
1970-02-01 16:06:24,,,,,,,-7.09,
1970-02-01 16:06:25,,-5.585,,,,,-7.69,
1970-02-01 16:06:26,,-6.101666667,,,,,-7.785,-11.455
1970-02-01 16:06:27,,-5.785,,,,,-7.626666667,
1970-02-01 16:06:28,,,,,,,-7.76,
1970-02-01 16:06:29,,-6.096666667,,,,,-7.911666667,-11.985
1970-02-01 16:06:30,,-6.125,,,,,-7.9425,
1970-02-01 16:06:31,,-5.925,,,,,-7.69,
1970-02-01 16:06:32,,-6.46,,,,,-7.76,-11.38
1970-02-01 16:06:33,,,,,,,-7.576666667,-11.78
1970-02-01 16:06:34,,-6.193333333,,,,,-7.601666667,
1970-02-01 16:06:35,,-6.59,,,,,-7.798333333,-11.72
1970-02-01 16:06:36,,-6.726666667,,,,,-7.82,-11.48
1970-02-01 16:06:37,,-6.455,,,,,,
1970-02-01 16:06:38,,-6.593333333,,,,,-7.601666667,-11.25
1970-02-01 16:06:39,,-6.865,,,,,-7.765,
1970-02-01 16:06:40,,-6.725,,,,,-7.89,
1970-02-01 16:06:41,,,,,,,-7.589166667,
1970-02-01 16:06:42,,,,,,,-7.34,
1970-02-01 16:06:43,,,,,,,-7.493333333,
1970-02-01 16:06:44,,,,,-11.005,,-7.63,
1970-02-01 16:06:45,,,,,-10.46,,-7.625,
1970-02-01 16:06:46,,,,,,,-7.555,
1970-02-01 16:06:47,,-6.66,,,-10.74,,-7.63,
1970-02-01 16:06:48,,-7.335,,,,,-7.63,
1970-02-01 16:06:49,,-6.643333333,,,,,,
1970-02-01 16:06:50,,-7.043333333,,,,,-7.99,
1970-02-01 16:06:51,,-6.6,,,,,-7.806666667,
1970-02-01 16:06:52,,-7.286666667,,,,,-7.56,
1970-02-01 16:06:53,,-7.22,,,,,-7.336666667,
1970-02-01 16:06:54,,-6.73,,,,,,
1970-02-01 16:06:55,,-6.82,,,,,-7.07,-11.985
1970-02-01 16:06:56,,-6.931666667,,,,,-7.425,-11.92
1970-02-01 16:06:57,,-7.2,,,,,-7.56,-11.93833333
1970-02-01 16:06:58,,-6.888333333,,,,,-7.64,-12.05
1970-02-01 16:06:59,,-6.66,,,,,-7.676666667,
1970-02-01 16:07:00,,-6.95,,,,,-7.3625,-11.525
1970-02-01 16:07:01,,-6.795,,,,,-7.833333333,-11.5575
1970-02-01 16:07:02,,-6.93,,,,,-7.905,-11.60666667
1970-02-01 16:07:03,,-6.596666667,,,,,-7.205,-11.56
1970-02-01 16:07:04,,-5.925,,,,,-7.835,
1970-02-01 16:07:05,,-6.595,,,,,-7.635,-11.45
1970-02-01 16:07:06,,-6.413333333,,,,,-7.19,-11.585
1970-02-01 16:07:07,,,,,-11.14,,,-11.78
1970-02-01 16:07:08,,-6.325,,,-10.6975,,,
1970-02-01 16:07:09,,-6.73,,,-10.86666667,,,
1970-02-01 16:07:10,,,,,-10.73,,-7.555,
1970-02-01 16:07:11,,-6.57,,,-11.14,,-7.835,-11.39
1970-02-01 16:07:12,,-6.053333333,,,-10.87,,-7.425,-10.99
1970-02-01 16:07:13,,-6.59,,,-10.55,,,
1970-02-01 16:07:14,,-6.888333333,,,-11.14,,,-11.39
1970-02-01 16:07:15,,-6.73,,,,,-7.7275,
1970-02-01 16:07:16,,-6.66,,,-10.935,,-7.83,
1970-02-01 16:07:17,,-6.53,,,,,,-11.52
1970-02-01 16:07:18,,,,,,,,-12.145
1970-02-01 16:07:19,,,,,,,,-12.105
1970-02-01 16:07:20,,-7,,,,,,-11.88833333
1970-02-01 16:07:21,,-6.455,,,-11.345,,,-11.87
1970-02-01 16:07:22,,-6.841666667,,,-10.935,,,
1970-02-01 16:07:23,,-6.953333333,,,-11.00333333,,,
1970-02-01 16:07:24,,-7.223333333,,,-11.00666667,,,
1970-02-01 16:07:25,,-6.395,,,-10.84,,,-11.85
1970-02-01 16:07:26,,-7.135,,,-10.83,,,
1970-02-01 16:07:27,,-6.570833333,,,-10.525,,,
1970-02-01 16:07:28,,,,,-10.745,,,
1970-02-01 16:07:29,,,,,-10.37,,,
1970-02-01 16:07:30,,-6.865,,,-10.5625,,,
1970-02-01 16:07:31,,-6.825,,,,,-7.511666667,
1970-02-01 16:07:32,,-6.86,,,-11.275,-11.79,-7.76,
1970-02-01 16:07:33,,-6.6,,,,-12.165,-7.695,-12.05
1970-02-01 16:07:34,,-6.735,,,-10.94,,-7.54,
1970-02-01 16:07:35,,,,,,,-7.755,
1970-02-01 16:07:36,,-6.19,,,-11.21,,-7.495,-11.52
1970-02-01 16:07:37,,-6.103333333,,,-11.165,,,
1970-02-01 16:07:38,,-6.6,,,-11.32666667,,-7.35,
1970-02-01 16:07:39,,-6.865,,,-10.67,,,-11.65
1970-02-01 16:07:40,,-6.46,,,,,-7.085,-11.455
1970-02-01 16:07:41,,-6.59,,,,,-7.62,-11.39
1970-02-01 16:07:42,,-6.665,,,,,-7.62,
1970-02-01 16:07:43,,-7.14,,,,,-7.62,
1970-02-01 16:07:44,,,,,,,-7.891666667,
1970-02-01 16:07:45,,,,,-10.93,,-7.42,
1970-02-01 16:07:46,,,,,,,-7.685,
1970-02-01 16:07:47,,,,,,,-7.89,
1970-02-01 16:07:48,,,,,-11.27333333,,-7.801666667,
1970-02-01 16:07:49,,,,,,,-7.796666667,
1970-02-01 16:07:50,,,,,-11.62,,-7.22,
1970-02-01 16:07:51,,,,,,,-7.3175,
1970-02-01 16:07:52,,,,,-11.205,,-7.53,
1970-02-01 16:07:53,,,,,,,-7.576666667,
1970-02-01 16:07:54,,,,,,,-7.48,
1970-02-01 16:07:55,,,,,,,-7.598333333,
1970-02-01 16:07:56,,-7.265,,,,,-7.533333333,
1970-02-01 16:07:57,,-7.13,,,-11.41,,-7.623333333,
1970-02-01 16:07:58,,,,,,,-7.69,
1970-02-01 16:07:59,,-7.67,,,,,-8,
1970-02-01 16:08:00,,-7.395,,,,,-7.695,
1970-02-01 16:08:01,,-7.308333333,,,,,-8.03,
1970-02-01 16:08:02,,-7.535,,,,,-8.025,
1970-02-01 16:08:03,,,,,,,-8.09,
1970-02-01 16:08:04,,,,,,,-8.493333333,
1970-02-01 16:08:05,,,,,,,-8.225,
1970-02-01 16:08:06,,,,,-12.155,,-7.89,
1970-02-01 16:08:07,,,,,-11.485,,-8.025,
1970-02-01 16:08:08,,,,,,,-8.495,
1970-02-01 16:08:09,,,,,-11.41,,-8.555,
1970-02-01 16:08:10,,,,,,,-8.49,
1970-02-01 16:08:11,,,,,-11.48,,-8.823333333,
1970-02-01 16:08:12,,,,,-11.41333333,,-9.046666667,
1970-02-01 16:08:13,,,,,,,-9.223333333,
1970-02-01 16:08:14,,,,,,,-9.49,
1970-02-01 16:08:15,,,,,,,-9.76,
1970-02-01 16:08:16,,,,,-12.09,,-10.32166667,
1970-02-01 16:08:17,,,,,-12.365,,-9.946666667,
1970-02-01 16:08:18,,,,,-12.225,,-9.9,
1970-02-01 16:08:19,,,,,,,-10.37416667,
1970-02-01 16:08:20,,-7.126666667,,,,,-9.9,
1970-02-01 16:08:21,,-6.843333333,,,,,-9.635,
1970-02-01 16:08:22,,-7.14,,,,,-9.726666667,
1970-02-01 16:08:23,,-6.995,,,,,-9.7325,
1970-02-01 16:08:24,,-7.406666667,,,,,-9.746666667,
1970-02-01 16:08:25,,-7.448333333,,,,,-9.68,
1970-02-01 16:08:26,,-6.895,,,,,-9.883333333,
1970-02-01 16:08:27,,-6.525,,,,,,-15.06
1970-02-01 16:08:28,,-7.5025,,,,,,-14.535
1970-02-01 16:08:29,,-7.136666667,,,,,-9.895,-14.75666667
1970-02-01 16:08:30,,-6.816666667,,,,,-9.27,-15.19
1970-02-01 16:08:31,,-7.226666667,,,,,,-14.535
1970-02-01 16:08:32,,-7.09,,,,,,-14.66
1970-02-01 16:08:33,,-7.22,,,,,,-14.53666667
1970-02-01 16:08:34,,-7.395,,,,,,
1970-02-01 16:09:55,,,,,,,,
1970-02-01 16:09:56,,-6.555,,,-11.495,,-8.441666667,
1970-02-01 16:09:57,,-7.33,,,-11.55,,,
1970-02-01 16:09:58,,-6.86,,,,,,
1970-02-01 16:09:59,,-6.796666667,,,,,,
1970-02-01 16:10:00,,-6.79,,,,,,
1970-02-01 16:10:01,,-6.506666667,,,,,,-13.155
1970-02-01 16:10:02,,-7.005,,,,,,
1970-02-01 16:10:03,,,,,-11.7035,,,
1970-02-01 16:10:04,,,,,-11.55,,,
1970-02-01 16:10:05,,,,,-11.52833333,,,
1970-02-01 16:10:06,,,,,-11.45666667,,,
1970-02-01 16:10:07,,,,,-11.66083333,,,
1970-02-01 16:10:08,,,,,-12,,,
1970-02-01 16:10:09,,,,,,,,
1970-02-01 16:10:10,,-6.416666667,,,,,-7.706666667,
1970-02-01 16:10:11,,,,,,,-8.246666667,
1970-02-01 16:10:12,,-6.438333333,,,,,-7.8525,
1970-02-01 16:10:13,,-6.39,,,,,-8.196666667,
1970-02-01 16:10:14,,,,,,,-8.02,
1970-02-01 16:10:15,,-6.39,,,,,-7.6225,
1970-02-01 16:10:16,,-6.6,,,,,-7.35,
1970-02-01 16:10:17,,-6.596666667,,,,,-8.02,
1970-02-01 16:10:18,,,,,,,-7.845,
1970-02-01 16:10:19,,,,,,,-8.02,
1970-02-01 16:10:20,,,,,-11.45833333,,,
1970-02-01 16:10:21,,,,,-11.55,,-8.145,
1970-02-01 16:10:22,,,,,-11.81,,-7.8025,
1970-02-01 16:10:23,,,,,-11.14,,,
1970-02-01 16:10:24,,,,,-12.025,,-7.88,
1970-02-01 16:10:25,,,,,-11.63833333,,-7.82,
1970-02-01 16:10:26,,,,,-11.84333333,,-7.545,
1970-02-01 16:10:27,,,,,,,-7.755,
1970-02-01 16:10:28,,,,,,,-7.85,
1970-02-01 16:10:29,,,,,,,-7.88,
1970-02-01 16:10:30,,,,,-11.5125,,,
1970-02-01 16:10:31,,,,,-11.77,,,
1970-02-01 16:10:32,,,,,-11.745,,-7.733333333,
1970-02-01 16:10:33,,,,,,,-8.221666667,
1970-02-01 16:10:34,,,,,,,-8.268333333,
1970-02-01 16:10:35,,,,,,,-8.42,
1970-02-01 16:10:36,,,,,-12.16,,,
1970-02-01 16:10:37,,,,,-12.13333333,,-8.7225,
1970-02-01 16:10:38,,,,,-12.565,,-8.82,
1970-02-01 16:10:39,,,,,-12.5,,-8.62,
1970-02-01 16:10:40,,,,,-12.77333333,,-9.091666667,
1970-02-01 16:10:41,,,,,-12.705,,-8.755,
1970-02-01 16:10:42,,,,,,,-8.78,
1970-02-01 16:10:43,,,,,-12.72333333,,-9.29,
1970-02-01 16:10:44,,,,,-12.18333333,,-9.266666667,
1970-02-01 16:10:45,,,,,-12.31666667,,-9.45,
1970-02-01 16:10:46,,,,,-12.495,,-8.866666667,
1970-02-01 16:10:47,,,,,-12.91,,-9.22,
1970-02-01 16:10:48,,,,,,,-9.623333333,
1970-02-01 16:10:49,,,,,,,-9.823333333,
1970-02-01 16:10:50,,,,,-13.24,,-9.828333333,
1970-02-01 16:10:51,,,,,-13.06166667,,,
1970-02-01 16:10:52,,,,,-13.12666667,,-9.89,
1970-02-01 16:10:53,,,,,-13.585,,-10.38666667,
1970-02-01 16:10:54,,,,,-13.315,,-10.09,
1970-02-01 16:10:55,,,,,-13.26333333,,-10.165,
1970-02-01 16:10:56,,,,,-13.53666667,,-10.03,
1970-02-01 16:10:57,,,,,-13.315,,-10.425,
1970-02-01 16:10:58,,,,,-12.90333333,,-9.976666667,
1970-02-01 16:10:59,,,,,-13.38,,-10.23,
1970-02-01 16:11:00,,,,,-13.67,,-10.635,
1970-02-01 16:11:01,,,,,-13.63,,-10.62666667,
1970-02-01 16:11:02,,,,,-13.585,,-10.65,
1970-02-01 16:11:03,,,,,-13.85333333,,-10.61,
1970-02-01 16:11:04,,,,,-13.995,,-10.835,
1970-02-01 16:11:05,,,,,,,,
1970-02-01 16:11:06,,,,,,,,
1970-02-01 16:11:07,,-5.585,,,,,-10.40666667,
1970-02-01 16:11:08,,-5.491666667,,,,,-10.9,
1970-02-01 16:11:09,,,,,,,-10.435,
1970-02-01 16:11:10,,,,,,-14.36,-10.93,
1970-02-01 16:11:11,,,,,-13.58,,-10.37,
1970-02-01 16:11:12,,,,,-13.86,,,
1970-02-01 16:11:13,,,,,-13.755,,,
1970-02-01 16:11:14,,,,,-13.94666667,,-11.035,
1970-02-01 16:11:15,,,,,-13.995,,-11.14833333,
1970-02-01 16:11:16,,,,,-14.04,,-11.24,
1970-02-01 16:11:17,,,,,-14.08333333,,-11.37,
1970-02-01 16:11:18,,,,,-14.125,,-11.37,
1970-02-01 16:11:19,,,,,-14.25083333,,,
1970-02-01 16:11:20,,,,,,,-11.835,
1970-02-01 16:11:21,,,,,,,-11.635,
1970-02-01 16:11:22,,,,,-14.125,,,
1970-02-01 16:11:23,,,,,-14.2,,-11.5,
1970-02-01 16:11:24,,,,,,,-11.85666667,
1970-02-01 16:11:25,,,,,,,,
1970-02-01 16:11:26,,,,,-14.46833333,,-12.08333333,
1970-02-01 16:11:27,,,,,-13.925,,-12.31,
1970-02-01 16:11:28,,,,,-14.195,,,
1970-02-01 16:11:29,,,,,-14.105,,-12.485,
1970-02-01 16:11:30,,,,,-14.33,,-12.57,
1970-02-01 16:11:31,,,,,,,-12.62333333,
1970-02-01 16:11:32,,,,,-14.4,,-12.65,
1970-02-01 16:11:33,,,,,-14.17166667,,-12.575,
1970-02-01 16:11:34,,,,,-14.13,,-12.65,
1970-02-01 16:11:35,,,,,-14.405,,-13.045,
1970-02-01 16:11:36,,,,,-14.67166667,,,
1970-02-01 16:11:37,,,,,-14.6,,-12.9825,
1970-02-01 16:11:38,,,,,,,,
1970-02-01 16:11:39,,,,,,,,
1970-02-01 16:11:40,,,,,-14.2325,,,
1970-02-01 16:11:41,,,,,-14.56166667,,,
1970-02-01 16:11:42,,,,,-14.12333333,,-12.58,
1970-02-01 16:11:43,,,,,-14.49,,-12.45,
1970-02-01 16:11:44,,,,,,,,
1970-02-01 16:11:45,,-3.856666667,,,,,-12.18333333,
1970-02-01 16:11:46,,,,,,,-12.05333333,
1970-02-01 16:11:47,,,,,,,-11.96166667,
1970-02-01 16:11:48,,-3.965,,,,,-11.98,
1970-02-01 16:11:49,,-3.365,,,,,-11.69333333,
1970-02-01 16:11:50,,-3.7,,,,,-12.05333333,
1970-02-01 16:11:51,,-3.4625,,,,,-11.85,
1970-02-01 16:11:52,,,,,,,,-16.90666667
1970-02-01 16:11:53,,,,,,,-11.845,-16.95
1970-02-01 16:11:54,,-3.83,,,,,-11.95166667,
1970-02-01 16:11:55,,-3.633333333,,,,,-12.315,
1970-02-01 16:11:56,,-3.77,,,,,-12.76666667,
1970-02-01 16:11:57,,,,,-14.95,,,
1970-02-01 16:11:58,,,,,-14.875,,-12.375,
1970-02-01 16:11:59,,,,,,,-12.785,
1970-02-01 16:12:00,,,,,,,-12.69,
1970-02-01 16:12:01,,,,,,,-12.7025,
1970-02-01 16:12:02,,,,,,,-12.7475,
1970-02-01 16:12:03,,,,,,,-12.6775,
1970-02-01 16:12:04,,-3.9,,,,,-12.31,
1970-02-01 16:12:05,,,,,,,-12.785,
1970-02-01 16:12:06,,-3.835,,,,,-12.44333333,
1970-02-01 16:12:07,,,,,,,-12.775,
1970-02-01 16:12:08,,,,,,,-12.38,
1970-02-01 16:12:09,,-4.035,,,,,-12.27333333,
1970-02-01 16:12:10,,-3.411666667,,,-14.265,,-12.91833333,
1970-02-01 16:12:11,,-3.723333333,,,-14.44666667,,-12.11166667,
1970-02-01 16:12:12,,-3.406666667,,,-14.54,,-12.38,
1970-02-01 16:12:13,,,,,-14.945,,,
1970-02-01 16:12:14,,-3.36,,,-14.675,,-12.44,
1970-02-01 16:12:15,,,,,-14.58166667,,,
1970-02-01 16:12:16,,-3.836666667,,,-14.81,,-12.645,
1970-02-01 16:12:17,,,,,,,-12.58,
1970-02-01 16:12:18,,,,,,,-12.48666667,
1970-02-01 16:12:19,,-4.328333333,,,-15.01,,-12.375,
1970-02-01 16:12:20,,-4.305,,,-14.81,,-12.37333333,
1970-02-01 16:12:21,,-3.99,,,,,-12.24,
1970-02-01 16:12:22,,-4.1,,,-14.37666667,,-12.66666667,
1970-02-01 16:12:23,,,,,-14.67,,-12.72,
1970-02-01 16:12:24,,,,,-14.47,,-12.48833333,
1970-02-01 16:12:25,,-3.878333333,,,-14.56166667,,-12.105,
1970-02-01 16:12:26,,-4.3,,,-14.67,,-12.575,
1970-02-01 16:12:27,,,,,-14.76,,-12.25,
1970-02-01 16:12:28,,,,,-14.78166667,,-12.58,
1970-02-01 16:12:29,,,,,,,-12.44333333,
1970-02-01 16:12:30,,-4.486666667,,,-14.535,,-12.17,
1970-02-01 16:12:31,,-4.356666667,,,-14.735,,-12.15,
1970-02-01 16:12:32,,,,,-15.01,,-11.76666667,
1970-02-01 16:12:33,,-4.51,,,-14.805,,-11.90666667,
1970-02-01 16:12:34,,-4.57,,,-14.81,,,
1970-02-01 16:12:35,,-4.8775,,,-14.6,,,
1970-02-01 16:12:36,,-4.175,,,-14.99333333,,-12.31,
1970-02-01 16:12:37,,,,,-14.33,,-11.94833333,
1970-02-01 16:12:38,,,,,-14.65,,-11.66,
1970-02-01 16:12:39,,-4.85,,,-14.61,,-11.64,
1970-02-01 16:12:40,,-5.116666667,,,-14.73833333,,-12.04,
1970-02-01 16:12:41,,-4.71,,,-14.95,,-12.08333333,
1970-02-01 16:12:42,,-5.05,,,-14.76,,-11.615,
1970-02-01 16:12:43,,-4.98,,,-15.08,,-11.705,
1970-02-01 16:12:44,,,,,-15.08,,-11.41833333,
1970-02-01 16:12:45,,-5.045,,,-15.485,,-11.23333333,-14.79
1970-02-01 16:12:46,,-5.185,,,-14.805,,-11.25833333,-14.855
1970-02-01 16:12:47,,,,,-14.58,,-11.55333333,
1970-02-01 16:12:48,,-5.113333333,,,-15.08,,-11.01,-15.31
1970-02-01 16:12:49,,,,,-14.53333333,,-11.25666667,-14.53
1970-02-01 16:12:50,,,,,-14.75666667,,-11.37,
1970-02-01 16:12:51,,-5.376666667,,,-14.88,,-10.97,
1970-02-01 16:12:52,,-5.52,,,-14.89666667,,-10.765,
1970-02-01 16:12:53,,,,,,,-10.99,
1970-02-01 16:12:54,,,,,-15.08,,-11.17,
1970-02-01 16:12:55,,,,,-14.72,,-11.14666667,
1970-02-01 16:12:56,,,,,-14.945,,-11.035,
1970-02-01 16:12:57,,,,,-14.80666667,,-11.25833333,
1970-02-01 16:12:58,,-5.045,,,,,-11.50666667,
1970-02-01 16:12:59,,-5.11,,,-14.67,,-11.63666667,
1970-02-01 16:13:00,,-5.135,,,-14.71666667,,,
1970-02-01 16:13:01,,-5.491666667,,,-14.465,,-11.14666667,
1970-02-01 16:13:02,,-4.98,,,-15.08333333,,,
1970-02-01 16:13:03,,-5.245,,,-15.15,,-11.28666667,
1970-02-01 16:13:04,,-5.315,,,-15.03666667,,-11.44,
1970-02-01 16:13:05,,,,,-15.015,,-11.235,
1970-02-01 16:13:06,,-5.338333333,,,-15.08,,-11.44333333,
1970-02-01 16:13:07,,-5.51,,,-15.31333333,,-11.33,
1970-02-01 16:13:08,,-5.445,,,-15.015,,,
1970-02-01 16:13:09,,-4.91,,,,,,
1970-02-01 16:13:10,,-5.43,,,,,-10.77,-16.1
1970-02-01 16:13:11,,,,,,,-11.585,
1970-02-01 16:13:12,,-5.073333333,,,,,-11.20333333,
1970-02-01 16:13:13,,,,,,,-11.24,
1970-02-01 16:13:14,,,,,,,-11.375,
1970-02-01 16:13:15,,-4.506666667,,,,,-11.24166667,
1970-02-01 16:13:16,,-4.37,,,,,,
1970-02-01 16:13:17,,-4.146666667,,,,,-11.17333333,
1970-02-01 16:13:18,,-4.418333333,,,,,-11.17,
1970-02-01 16:13:19,,,,,,,-10.975,
1970-02-01 16:13:20,,-4.055,,,,,-10.86,
1970-02-01 16:13:21,,,,,,,-10.905,
1970-02-01 16:13:22,,-3.811666667,,,,,-11.18,
1970-02-01 16:13:23,,-3.701666667,,,,,-10.5,-15.44
1970-02-01 16:13:24,,-3.965,,,,,-10.7,
1970-02-01 16:13:25,,-4.304166667,,,,,-10.83333333,
1970-02-01 16:13:26,,-4.505,,,,,,-15.84
1970-02-01 16:13:27,,-5.116666667,,,,,-9.773333333,-15.775
1970-02-01 16:13:28,,-5.163333333,,,-14.125,,-10.18,-15.45
1970-02-01 16:13:29,,-4.58,,,-14.1625,,,
1970-02-01 16:13:30,,,,,-13.98083333,,,
1970-02-01 16:13:31,,,,,-14.11,,,
1970-02-01 16:13:32,,-5.226666667,,,-14.055,,,
1970-02-01 16:13:33,,-4.528333333,,,,,-10.23416667,
1970-02-01 16:13:34,,-4.486666667,,,,,-10.23,
1970-02-01 16:13:35,,-4.713333333,,,,,-9.923333333,
1970-02-01 16:13:36,,,,,,,-9.983333333,
1970-02-01 16:13:37,,,,,,,-9.555,
1970-02-01 16:13:38,,-5.338333333,,,,,-9.986666667,
1970-02-01 16:13:39,,-4.91,,,-13.99,,-9.846666667,
1970-02-01 16:13:40,,,,,,,-10.095,
1970-02-01 16:13:41,,-4.84,,,,,-10.03666667,
1970-02-01 16:13:42,,,,,,,-9.695,
1970-02-01 16:13:43,,,,,,,-10.095,
1970-02-01 16:13:44,,-5.115,,,-13.855,,-10.00666667,
1970-02-01 16:13:45,,,,,-13.86,,-10.05,
1970-02-01 16:13:46,,,,,,,-9.936666667,
1970-02-01 16:13:47,,,,,-13.76333333,,-10.43,
1970-02-01 16:13:48,,-5.115,,,-13.68,,-10.11333333,
1970-02-01 16:13:49,,-5.206666667,,,-13.655,,-10.33666667,
1970-02-01 16:13:50,,-5.855,,,-13.81333333,,-10.43,
1970-02-01 16:13:51,,-5.72,,,-13.725,,-10.34666667,
1970-02-01 16:13:52,,-5.925,,,-13.81333333,,-10.09,
1970-02-01 16:13:53,,,,,-14.10166667,,-10.44833333,
1970-02-01 16:13:54,,,,,-13.79,,,
1970-02-01 16:13:55,,,,,-13.83333333,,-10.36,
1970-02-01 16:13:56,,,,,-13.94333333,,-10.83,
1970-02-01 16:13:57,,-5.39,,,-13.925,,,
1970-02-01 16:13:58,,,,,-14.17333333,,-10.9,
1970-02-01 16:13:59,,-5.585,,,-14.195,,-10.92166667,
1970-02-01 16:14:00,,-5.746666667,,,-14.245,,-10.97,
1970-02-01 16:14:01,,-5.79,,,-14.48666667,,-10.765,
1970-02-01 16:14:02,,,,,-13.99,,-11.23166667,
1970-02-01 16:14:03,,-5.38,,,-14.33,,-11.17,
1970-02-01 16:14:04,,-5.51,,,-14.33,,-11.255,
1970-02-01 16:14:05,,,,,-14.475,,-11.64,
1970-02-01 16:14:06,,-5.585,,,-14.44666667,,-11.165,
1970-02-01 16:14:07,,-5.72,,,-14.94,,-11.32333333,
1970-02-01 16:14:08,,-5.65,,,-14.4,,-11.365,
1970-02-01 16:14:09,,-5.386666667,,,-14.3325,,-11.5,
1970-02-01 16:14:10,,-5.38,,,-14.465,,-11.68333333,
1970-02-01 16:14:11,,,,,-14.24,,-11.72333333,
1970-02-01 16:14:12,,,,,-14.605,,-11.55,-15.62333333
1970-02-01 16:14:13,,-6.05,,,-14.65333333,,-12.035,
1970-02-01 16:14:14,,,,,-14.44333333,,,-15.71
1970-02-01 16:14:15,,-5.16,,,-14.44333333,,,
1970-02-01 16:14:16,,-5.11,,,-14.41133333,,-11.9,
1970-02-01 16:14:17,,-5.653333333,,,-14.47,,-12.03666667,
1970-02-01 16:14:18,,-6.185,,,-14.35,,-12.0725,
1970-02-01 16:14:19,,-5.715,,,-14.155,,-11.99333333,
1970-02-01 16:14:20,,-5.12,,,-14.39666667,,-11.965,
1970-02-01 16:14:21,,-5.745,,,-14.37833333,,-11.9,
1970-02-01 16:14:22,,-5.585,,,-14.72,,-11.775,
1970-02-01 16:14:23,,-5.855,,,-15.42,,-11.59333333,
1970-02-01 16:14:24,,-5.85,,,-14.33,,,
1970-02-01 16:14:25,,,,,-14.58,,-11.81333333,
1970-02-01 16:14:26,,-6.12,,,-14.42333333,,-11.23,
1970-02-01 16:14:27,,-5.716666667,,,-14.125,,-11.32666667,
1970-02-01 16:14:28,,-6.125,,,-13.9,,-10.97,-15.19
1970-02-01 16:14:29,,-6.186666667,,,-14.28833333,,-10.965,-15.16833333
1970-02-01 16:14:30,,-6.19,,,-14.36,,-11.33833333,-15.19
1970-02-01 16:14:31,,-5.92,,,-14.48666667,,-10.93666667,-14.79
1970-02-01 16:14:32,,,,,-14.40333333,,-10.74,
1970-02-01 16:14:33,,,,,,,-10.965,-15.06
1970-02-01 16:14:34,,,,,-14.67,,-11.295,
1970-02-01 16:14:35,,,,,-14.26416667,,-11.38333333,
1970-02-01 16:14:36,,-5.985,,,-13.93,,-11.495,
1970-02-01 16:14:37,,,,,-14.125,,-11.23,
1970-02-01 16:14:38,,,,,-13.98666667,,-11.4825,
1970-02-01 16:14:39,,,,,-13.74166667,,-11.35333333,
1970-02-01 16:14:40,,-5.92,,,-13.855,,-11.29333333,
1970-02-01 16:14:41,,-6.05,,,,,-11.825,
1970-02-01 16:14:42,,,,,-13.715,,,
1970-02-01 16:14:43,,-6.19,,,-14.055,,,
1970-02-01 16:14:44,,-6.865,,,-14.265,,,
1970-02-01 16:14:45,,,,,-14.265,,,
1970-02-01 16:14:46,,,,,-14.19666667,,-11.73166667,
1970-02-01 16:14:47,,-6.125,,,-13.85,,-11.62,
1970-02-01 16:14:48,,-6.195,,,-14.01666667,,-11.48,
1970-02-01 16:14:49,,-5.79,,,-13.72,,-11.66333333,
1970-02-01 16:14:50,,-5.99,,,-13.92,,-11.44666667,
1970-02-01 16:14:51,,-6.455,,,,,-11.485,
1970-02-01 16:14:52,,-6.503333333,,,-13.86,,-11.955,
1970-02-01 16:14:53,,,,,-14.06,,-11.415,
1970-02-01 16:14:54,,,,,-13.755,,-11.415,
1970-02-01 16:14:55,,,,,,,-11.49,
1970-02-01 16:14:56,,,,,-13.63,,-11.6,
1970-02-01 16:14:57,,,,,-13.88,,-11.415,
1970-02-01 16:14:58,,-6.66,,,-13.38,,-11.53,
1970-02-01 16:14:59,,-7.4,,,-13.85333333,,-11.32666667,
1970-02-01 16:15:00,,-6.195,,,-13.38,,-11.5875,
1970-02-01 16:15:01,,-6.595,,,-13.40333333,,-11.35,
1970-02-01 16:15:02,,-6.46,,,-13.72,,-11.04333333,
1970-02-01 16:15:03,,-6.705,,,-13.38,,-11.32666667,
1970-02-01 16:15:04,,-6.725,,,-13.63333333,,,
1970-02-01 16:15:05,,,,,-13.81333333,,-11.15,
1970-02-01 16:15:06,,-7.195,,,-14.30666667,,-11.30333333,
1970-02-01 16:15:07,,,,,-13.69666667,,-10.745,
1970-02-01 16:15:08,,-6.278333333,,,-13.71666667,,,
1970-02-01 16:15:09,,-6.525,,,,,-11.08,
1970-02-01 16:15:10,,-6.66,,,-13.695,,,
1970-02-01 16:15:11,,,,,-13.62833333,,-10.88,
1970-02-01 16:15:12,,-6.93,,,-13.445,,-11.01,
1970-02-01 16:15:13,,,,,-13.72166667,,-10.605,
1970-02-01 16:15:14,,,,,-13.86,,-11.08,
1970-02-01 16:15:15,,,,,-13.655,,-10.94333333,
1970-02-01 16:15:16,,,,,-13.24333333,,-11.085,
1970-02-01 16:15:17,,,,,-13.63,,-10.76333333,
1970-02-01 16:15:18,,-6.395,,,-13.24,,-10.54,
1970-02-01 16:15:19,,-6.59,,,-13.71666667,,-10.47,
1970-02-01 16:15:20,,,,,-13.72,,-10.85333333,
1970-02-01 16:15:21,,,,,-13.42833333,,-10.905,
1970-02-01 16:15:22,,-6.32,,,-13.38,,-10.88166667,
1970-02-01 16:15:23,,-6.39,,,-13.315,,-10.96333333,
1970-02-01 16:15:24,,-6.46,,,-13.68,,-10.68,
1970-02-01 16:15:25,,-7.065,,,-13.315,,-10.68,
1970-02-01 16:15:26,,,,,-12.99333333,,,
1970-02-01 16:15:27,,,,,-13.45,,,
1970-02-01 16:15:28,,,,,-13.79,,,-13.68
1970-02-01 16:15:29,,-6.995,,,-13.51666667,,-10.43166667,-13.09
1970-02-01 16:15:30,,,,,-14.03666667,,-10.335,
1970-02-01 16:15:31,,,,,-13.99,,-10.675,
1970-02-01 16:15:32,,,,,-13.49333333,,-10.49666667,
1970-02-01 16:15:33,,,,,-13.36166667,,-10.675,
1970-02-01 16:15:34,,-6.99,,,-13.58333333,,-10.88,
1970-02-01 16:15:35,,,,,-13.33833333,,-10.78666667,
1970-02-01 16:15:36,,,,,-13.74166667,,-10.69666667,-13.22
1970-02-01 16:15:37,,,,,,,-10.87833333,
1970-02-01 16:15:38,,,,,-14.06,,-10.85333333,
1970-02-01 16:15:39,,-6.72,,,-13.65,,,
1970-02-01 16:15:40,,,,,-13.74333333,,-11.12333333,
1970-02-01 16:15:41,,-7.06,,,-13.66333333,,-10.875,
1970-02-01 16:15:42,,,,,-13.655,,-11.38666667,
1970-02-01 16:15:43,,,,,-13.995,,,
1970-02-01 16:15:44,,,,,-13.45,,-11.62,
1970-02-01 16:15:45,,-6.55,,,-13.65333333,,-11.475,
1970-02-01 16:15:46,,,,,,,-11.5475,
1970-02-01 16:15:47,,,,,-13.67666667,,-11.31666667,
1970-02-01 16:15:48,,-7.065,,,-13.78666667,,-11.54,
1970-02-01 16:15:49,,-7.09,,,-13.45166667,,-11.48166667,
1970-02-01 16:15:50,,-6.948333333,,,-13.785,,-11.275,
1970-02-01 16:15:51,,-7.2,,,-13.995,,-11.2,
1970-02-01 16:15:52,,,,,-13.54,,-11.655,
1970-02-01 16:15:53,,,,,-14.13,,-11.27,
1970-02-01 16:15:54,,,,,-14.195,,,
1970-02-01 16:15:55,,,,,,,,
1970-02-01 16:15:56,,,,,-14.055,,,
1970-02-01 16:15:57,,,,,-14.3275,,,
1970-02-01 16:15:58,,,,,,,-11.41,
1970-02-01 16:15:59,,,,,-14.26333333,,,
1970-02-01 16:16:00,,,,,-13.72,,,
1970-02-01 16:16:01,,,,,-13.95,,-11.85166667,
1970-02-01 16:16:02,,-6.465,,,-14.13,,-11.56333333,
1970-02-01 16:16:03,,,,,-13.9575,,-11.74,
1970-02-01 16:16:04,,-6.05,,,-14.335,,-11.81,
1970-02-01 16:16:05,,-6.53,,,-14.15166667,,-12.15,
1970-02-01 16:16:06,,,,,-14.195,,,
1970-02-01 16:16:07,,,,,-14.135,,-11.755,
1970-02-01 16:16:08,,,,,-14.335,,-11.49666667,
1970-02-01 16:16:09,,,,,-14.425,,-11.51166667,
1970-02-01 16:16:10,,,,,-14.425,,-11.13,
1970-02-01 16:16:11,,-6.86,,,-14.17666667,,-11.465,
1970-02-01 16:16:12,,-6.87,,,-14.335,,-11.805,
1970-02-01 16:16:13,,,,,-14.24,,-11.64666667,
1970-02-01 16:16:14,,,,,-14.22333333,,-11.7425,
1970-02-01 16:16:15,,-6.395,,,-14.31,,-11.6,
1970-02-01 16:16:16,,,,,-14.27,,-11.55833333,
1970-02-01 16:16:17,,-6.86,,,-14.58,,-11.6,
1970-02-01 16:16:18,,,,,-14.2,,-11.805,
1970-02-01 16:16:19,,,,,-14.15,,-11.82,
1970-02-01 16:16:20,,,,,-14.16,,,
1970-02-01 16:16:21,,,,,-13.93666667,,,
1970-02-01 16:16:22,,,,,,,,
1970-02-01 16:16:23,,,,,-13.85833333,,,
1970-02-01 16:16:24,,,,,-13.94333333,,,
1970-02-01 16:16:25,,-6.553333333,,,-14.05666667,,,
1970-02-01 16:16:26,,,,,-13.79,,-11,
1970-02-01 16:16:27,,-7.315,,,-13.78666667,,-10.75666667,
1970-02-01 16:16:28,,-7.331666667,,,-13.99,,-11.135,
1970-02-01 16:16:29,,,,,19.65666667,,-10.96,
1970-02-01 16:16:30,,-7.465,,,-13.92166667,,-11.25333333,
1970-02-01 16:16:31,,,,,-13.79,,-10.605,
1970-02-01 16:16:32,,-6.87,,,-13.60583333,,-10.86,
1970-02-01 16:16:33,,,,,-13.92,,-10.6,
1970-02-01 16:16:34,,,,,-14.2025,,,
1970-02-01 16:16:35,,,,,-13.925,,-11.065,
1970-02-01 16:16:36,,,,,-13.72,,-10.88333333,
1970-02-01 16:16:37,,,,,-13.86,,-10.995,
1970-02-01 16:16:38,,,,,-13.90333333,,-10.79333333,
1970-02-01 16:16:39,,,,,-13.87916667,,-11.2,
1970-02-01 16:16:40,,,,,-14.30666667,,-10.67,
1970-02-01 16:16:41,,,,,-13.965,,,
1970-02-01 16:16:42,,-7.266666667,,,,,,
1970-02-01 16:16:43,,-6.87,,,-13.785,,-11.13333333,
1970-02-01 16:16:44,,,,,-14.01833333,,,
1970-02-01 16:16:45,,,,,-14.265,,-11.11166667,
1970-02-01 16:16:46,,,,,-13.97166667,,-10.87,
1970-02-01 16:16:47,,-6.6,,,-14.17666667,,,
1970-02-01 16:16:48,,-6.77,,,-13.86333333,,-11.34,
1970-02-01 16:16:49,,-7.26,,,-13.96666667,,-10.97666667,
1970-02-01 16:16:50,,,,,-13.85666667,,-11.27,
1970-02-01 16:16:51,,-6.725,,,-14.26,,-10.98666667,
1970-02-01 16:16:52,,-6.686666667,,,-13.9,,-10.97666667,
1970-02-01 16:16:53,,-6.93,,,-13.855,,-10.995,
1970-02-01 16:16:54,,,,,-13.925,,-10.95833333,
1970-02-01 16:16:55,,-6.72,,,-13.85833333,,-10.64333333,
1970-02-01 16:16:56,,-7,,,-13.67,,-10.76333333,
1970-02-01 16:16:57,,,,,-13.995,,-10.88666667,
1970-02-01 16:16:58,,,,,-14.395,,-10.81666667,
1970-02-01 16:16:59,,,,,-14.02,,-11.04166667,
1970-02-01 16:17:00,,,,,-14.605,,-11.175,
1970-02-01 16:17:01,,-6.79,,,-14.12666667,,-11.39,
1970-02-01 16:17:02,,-6.525,,,-14.335,,,
1970-02-01 16:17:03,,-6.79,,,-14.05833333,,-11.46,
1970-02-01 16:17:04,,-6.59,,,-13.72,,-11.63666667,
1970-02-01 16:17:05,,-6.925,,,-14.12666667,,-11.195,
1970-02-01 16:17:06,,,,,-13.995,,-11.33,
1970-02-01 16:17:07,,-6.816666667,,,-14.095,,-11.47,
1970-02-01 16:17:08,,-6.883333333,,,-13.85,,,
1970-02-01 16:17:09,,,,,-13.74166667,,-11.06,
1970-02-01 16:17:10,,,,,-14.235,,-10.66,
1970-02-01 16:17:11,,-6.735,,,-13.86,,-10.97,
1970-02-01 16:17:12,,-6.87,,,-14.13,,-11.105,
1970-02-01 16:17:13,,-6.595,,,-14.03666667,,-11.195,
1970-02-01 16:17:14,,-6.996666667,,,-13.88,,-11.34166667,
1970-02-01 16:17:15,,-6.46,,,-13.995,,-11.33,-11.845
1970-02-01 16:17:16,,,,,-13.995,,-11.06,-11.52
1970-02-01 16:17:17,,-6.8,,,-14.195,,-11.06,
1970-02-01 16:17:18,,,,,-13.7525,,-11.10666667,
1970-02-01 16:17:19,,,,,-14.21666667,,-11.125,
1970-02-01 16:17:20,,,,,-13.925,,-11.19333333,
1970-02-01 16:17:21,,,,,-14.28666667,,-10.96666667,-11.95333333
1970-02-01 16:17:22,,,,,-13.92,,,
1970-02-01 16:17:23,,,,,-13.785,,-11.10666667,
1970-02-01 16:17:24,,,,,-14.195,,-10.925,-11.72
1970-02-01 16:17:25,,,,,-14.265,,-10.855,
1970-02-01 16:17:26,,,,,-14.175,,-11.33,-12.24
1970-02-01 16:17:27,,,,,-14.195,,-11.26,
1970-02-01 16:17:28,,,,,-14.535,,-11.195,
1970-02-01 16:17:29,,,,,-14.13,,-11.19,
1970-02-01 16:17:30,,,,,-14.535,,-11.06,
1970-02-01 16:17:31,,,,,-14.4,,-11.33,
1970-02-01 16:17:32,,,,,-14.265,,-11.6,
1970-02-01 16:17:33,,,,,-14.44666667,,-11.93,
1970-02-01 16:17:34,,,,,-14.395,,-11.2,
1970-02-01 16:17:35,,-6.53,,,-14.17333333,,-11.6,
1970-02-01 16:17:36,,,,,-14.21666667,,,
1970-02-01 16:17:37,,,,,-14.55833333,,-11.37166667,
1970-02-01 16:17:38,,,,,-14.08,,-11.43833333,
1970-02-01 16:17:39,,,,,-14.535,,-11.73,
1970-02-01 16:17:40,,,,,-14.40166667,,-11.26,
1970-02-01 16:17:41,,,,,-14.53,,-11.195,
1970-02-01 16:17:42,,,,,,,,
1970-02-01 16:17:43,,,,,,,-10.925,
1970-02-01 16:17:44,,,,,,,-10.855,
1970-02-01 16:17:45,,,,,-14.35333333,,-11.27,
1970-02-01 16:17:46,,,,,-14.4,,-11.13,
1970-02-01 16:17:47,,,,,-14.675,,-10.995,
1970-02-01 16:17:48,,,,,-14.54,,,
1970-02-01 16:17:49,,,,,-14.675,,,
1970-02-01 16:17:50,,,,,-14.675,,,
1970-02-01 16:17:51,,,,,-14.74,,-11.29,
1970-02-01 16:17:52,,,,,-15.16666667,,-11.09333333,
1970-02-01 16:17:53,,,,,-15.10166667,,-11.40833333,
1970-02-01 16:17:54,,,,,-14.76666667,,,
1970-02-01 16:17:55,,,,,-14.88,,-11.205,
1970-02-01 16:17:56,,,,,-14.80666667,,-11.61,
1970-02-01 16:17:57,,,,,-14.92,,-11.67,
1970-02-01 16:17:58,,,,,-15.03333333,,-11.405,
1970-02-01 16:17:59,,,,,-15.145,,-11.33666667,
1970-02-01 16:18:00,,,,,-15.355,,-11.56333333,
1970-02-01 16:18:01,,,,,-15.17333333,,-11.56333333,
1970-02-01 16:18:02,,,,,-15.375,,-11.815,
1970-02-01 16:18:03,,,,,-15.58333333,,-11.61,
1970-02-01 16:18:04,,,,,-15.21666667,,,
1970-02-01 16:18:05,,,,,-15.42,,-11.745,
1970-02-01 16:18:06,,,,,-15.89,,-11.79,
1970-02-01 16:18:07,,,,,-15.58333333,,-11.84,
1970-02-01 16:18:08,,,,,-15.39333333,,-11.75,
1970-02-01 16:18:09,,,,,-15.49,,,
1970-02-01 16:18:10,,,,,-15.62,,-11.59166667,
1970-02-01 16:18:11,,,,,-15.42,,-11.82,
1970-02-01 16:18:12,,,,,-15.425,,-11.685,
1970-02-01 16:18:13,,,,,-15.58,,-11.95,
1970-02-01 16:18:14,,,,,-15.62,,,
1970-02-01 16:18:15,,,,,-15.53,,-11.74666667,
1970-02-01 16:18:16,,,,,-15.4,,-11.48,
1970-02-01 16:18:17,,,,,-15.35,,-11.93,
1970-02-01 16:18:18,,,,,-15.35333333,,,
1970-02-01 16:18:19,,,,,-15.48666667,,-12.23,
1970-02-01 16:18:20,,,,,-15.285,,-12.02,
1970-02-01 16:18:21,,,,,-15.99,,-12.13166667,
1970-02-01 16:18:22,,,,,-16.07166667,,-12.09,
1970-02-01 16:18:23,,,,,-15.395,,-12.06833333,
1970-02-01 16:18:24,,,,,-15.56,,,
1970-02-01 16:18:25,,-5.995,,,-15.44333333,,-11.89,
1970-02-01 16:18:26,,,,,-15.5525,,-11.96,
1970-02-01 16:18:27,,-5.38,,,,,-12.02,
1970-02-01 16:18:28,,-5.79,,,,,-12.365,
1970-02-01 16:18:29,,,,,-15.555,,-12.02,
1970-02-01 16:18:30,,,,,-15.08,,,
1970-02-01 16:18:31,,,,,-15.55833333,,,
1970-02-01 16:18:32,,,,,-15.42,,-11.83,
1970-02-01 16:18:33,,,,,-15.485,,-12.225,
1970-02-01 16:18:34,,,,,-15.69,,-12.15666667,
1970-02-01 16:18:35,,,,,-15.62,,-12.16,
1970-02-01 16:18:36,,,,,-15.98333333,,-11.89166667,
1970-02-01 16:18:37,,,,,,,-12.11333333,
1970-02-01 16:18:38,,,,,,,-11.82,
1970-02-01 16:18:39,,,,,,,-12.09,
1970-02-01 16:18:40,,,,,-15.895,,-11.955,
1970-02-01 16:18:41,,,,,-15.96166667,,-11.755,
1970-02-01 16:18:42,,,,,-15.57666667,,-12.02333333,
1970-02-01 16:18:43,,,,,-15.60166667,,-11.685,
1970-02-01 16:18:44,,,,,-15.82666667,,-12.025,
1970-02-01 16:18:45,,,,,-15.78,,-11.80666667,
1970-02-01 16:18:46,,,,,-15.44333333,,-11.485,
1970-02-01 16:18:47,,,,,-15.415,,-11.22333333,
1970-02-01 16:18:48,,,,,-15.96,,-11.09,
1970-02-01 16:18:49,,,,,-15.625,,-11.29,
1970-02-01 16:18:50,,,,,-15.67333333,,-11.84833333,
1970-02-01 16:18:51,,,,,-15.6,,-11.63,
1970-02-01 16:18:52,,,,,-15.695,,-11.695,
1970-02-01 16:18:53,,,,,-15.58166667,,-12.03,
1970-02-01 16:18:54,,,,,-15.66666667,,-11.695,
1970-02-01 16:18:55,,,,,-15.84666667,,-11.89,
1970-02-01 16:18:56,,,,,-15.69,,-12.03,
1970-02-01 16:18:57,,,,,-15.55666667,,-12.16,
1970-02-01 16:18:58,,,,,-15.355,,-12.16,
1970-02-01 16:18:59,,,,,-15.965,,-12.545,
1970-02-01 16:19:00,,,,,-15.82666667,,-12.235,
1970-02-01 16:19:01,,,,,-15.75666667,,-12.65,
1970-02-01 16:19:02,,,,,-15.49,,-12.84,
1970-02-01 16:19:03,,,,,-15.56,,-12.9,
1970-02-01 16:19:04,,,,,-15.62666667,,-12.695,
1970-02-01 16:19:05,,,,,-15.08,,-13.14,
1970-02-01 16:19:06,,,,,-15.31,,-12.83666667,
1970-02-01 16:19:07,,,,,-15.39666667,,-12.765,
1970-02-01 16:19:08,,,,,-15.145,,-12.7,
1970-02-01 16:19:09,,,,,-15.49,,-12.79,
1970-02-01 16:19:10,,,,,-15.30666667,,-13.1,
1970-02-01 16:19:11,,,,,-15.56,,,-15.19
1970-02-01 16:19:12,,-5.38,,,-15.49,,,-14.8
1970-02-01 16:19:13,,-5.38,,,-15.49,,,
1970-02-01 16:19:14,,-5.79,,,-15.625,,-12.895,
1970-02-01 16:19:15,,,,,-15.2475,,,
1970-02-01 16:19:16,,,,,-15.51333333,,-13.095,
1970-02-01 16:19:17,,,,,-15.555,,-13.18333333,
1970-02-01 16:19:18,,,,,-15.89,,-13.05,
1970-02-01 16:19:19,,,,,-15.75833333,,-13.03,
1970-02-01 16:19:20,,,,,,,-13.025,
1970-02-01 16:19:21,,,,,,,-12.93333333,
1970-02-01 16:19:22,,,,,-15.58,,-13.16,
1970-02-01 16:19:23,,,,,-15.83,,-13.295,
1970-02-01 16:19:24,,,,,-15.355,,-12.62,
1970-02-01 16:19:25,,,,,,,-12.6225,
1970-02-01 16:19:26,,,,,,,,
1970-02-01 16:19:27,,,,,-15.75833333,,-12.87333333,
1970-02-01 16:19:28,,,,,-15.7575,,-12.76,
1970-02-01 16:19:29,,,,,-15.80166667,,,
1970-02-01 16:19:30,,,,,-15.76,,,
1970-02-01 16:19:31,,,,,-15.695,,,
1970-02-01 16:19:32,,,,,-15.4875,,-12.895,
1970-02-01 16:19:33,,,,,-15.625,,-12.825,
1970-02-01 16:19:34,,,,,,,,
1970-02-01 16:19:35,,,,,,,,
1970-02-01 16:19:36,,,,,,,,
1970-02-01 16:19:37,,-5.05,,,-16.05166667,,-12.47333333,
1970-02-01 16:19:38,,,,,-15.56,,-12.56,
1970-02-01 16:19:39,,,,,-16.095,,-12.96666667,
1970-02-01 16:19:40,,-4.713333333,,,-15.80666667,,-12.76,
1970-02-01 16:19:41,,,,,-15.76,,-12.82,
1970-02-01 16:19:42,,,,,-15.62333333,,,
1970-02-01 16:19:43,,,,,-16.095,,-12.425,
1970-02-01 16:19:44,,,,,-15.625,,-12.29,
1970-02-01 16:19:45,,,,,-15.53666667,,-12.16,
1970-02-01 16:19:46,,,,,-15.56,,-12.16,
1970-02-01 16:19:47,,,,,-15.44333333,,-11.755,
1970-02-01 16:19:48,,,,,,,-12.09,
1970-02-01 16:19:49,,-5.115,,,-15.21666667,,-12.085,
1970-02-01 16:19:50,,-5.611666667,,,-15.49,,-11.615,
1970-02-01 16:19:51,,,,,-15.35,,-11.89,
1970-02-01 16:19:52,,-5.255,,,-15.42,,-11.73,
1970-02-01 16:19:53,,,,,-15.30833333,,-11.555,
1970-02-01 16:19:54,,,,,-15.215,,-11.285,
1970-02-01 16:19:55,,-5.12,,,-14.94333333,,,
1970-02-01 16:19:56,,-5.613333333,,,-14.81,,-11.04666667,-14.35666667
1970-02-01 16:19:57,,-5.38,,,-14.87833333,,-10.69,-14.44333333
1970-02-01 16:19:58,,-5.65,,,-14.8,,-10.625,-14.205
1970-02-01 16:19:59,,-5.79,,,-14.405,,-10.66166667,-14.465
1970-02-01 16:20:00,,-5.92,,,-14.39666667,,-10.90666667,-13.98833333
1970-02-01 16:20:01,,-5.833333333,,,-14.535,,-10.55,-14.09666667
1970-02-01 16:20:02,,-5.855,,,-14.53666667,,-11.13166667,-14.075
1970-02-01 16:20:03,,,,,-14.4,,-11.09,-14.22666667
1970-02-01 16:20:04,,-5.653333333,,,-14.66666667,,-11.02,-14.09666667
1970-02-01 16:20:05,,-5.855,,,-14.39833333,,-10.82,-14.14
1970-02-01 16:20:06,,,,,-14.58,,-11.79666667,
1970-02-01 16:20:07,,,,,-14.44333333,,-11.555,
1970-02-01 16:20:08,,-6.525,,,-14.6,,-11.76,
1970-02-01 16:20:09,,,,,-14.33,,-11.59666667,
1970-02-01 16:20:10,,-5.92,,,-14.67,,-11.155,
1970-02-01 16:20:11,,,,,,,-11.43666667,-14.18333333
1970-02-01 16:20:12,,,,,,,-11.49,-13.55
1970-02-01 16:20:13,,-6.055,,,,,,-14.17
1970-02-01 16:20:14,,,,,,,-10.90333333,-14.5525
1970-02-01 16:20:15,,,,,,,,-14.24333333
1970-02-01 16:20:16,,-6.01,,,,,-11.355,
1970-02-01 16:20:17,,-5.99,,,,,-11.04,
1970-02-01 16:20:18,,,,,,,-10.82,-14.205
1970-02-01 16:20:19,,,-12.51333333,,,,-10.60666667,-13.945
1970-02-01 16:20:20,,-6.125,,,-14.53,,-10.99666667,
1970-02-01 16:20:21,,-5.99,,,-14.535,,-10.95,
1970-02-01 16:20:22,,-6.1,,,-13.54,,,
1970-02-01 16:20:23,,,,,-13.83416667,,,
1970-02-01 16:20:24,,-6.255,,,-13.65,,,
1970-02-01 16:20:25,,,,,,,-10.615,
1970-02-01 16:20:26,,-5.921666667,,,,,-10.275,-13.75
1970-02-01 16:20:27,,-5.718333333,,,,,-10.61666667,-13.685
1970-02-01 16:20:28,,-6.125,,,,,-10.05666667,-13.815
1970-02-01 16:20:29,,,-13,,,,-10.42,-14.14
1970-02-01 16:20:30,,,-12.50166667,,,,-10.42,-13.96666667
1970-02-01 16:20:31,,-6.236666667,,,,,-9.945,
1970-02-01 16:20:32,,-6.06,,,-13.32,,-10.42,
1970-02-01 16:20:33,,,,,-13.20166667,,,
1970-02-01 16:20:34,,,,,-13.115,,,
1970-02-01 16:20:35,,-6.143333333,,,-13.52,,,
1970-02-01 16:20:36,,-6.2875,,,-13.85,,-9.88,
1970-02-01 16:20:37,,,,,-13.77,,-9.743333333,
1970-02-01 16:20:38,,,,,-13.785,,,
1970-02-01 16:20:39,,-6.255,,,-13.86,,-9.745,-13.81
1970-02-01 16:20:40,,-6.01,,,-13.305,,-9.955,
1970-02-01 16:20:41,,,,,-13.07,,,
1970-02-01 16:20:42,,,,,-12.765,,,
1970-02-01 16:20:43,,-6.076666667,,,-12.77,,,
1970-02-01 16:20:44,,-6.056666667,,,-12.315,,,
1970-02-01 16:20:45,,-5.92,,,,,-9.5425,
1970-02-01 16:20:46,,-6.125,,,,,-9.205,
1970-02-01 16:20:47,,-6.19,,,-12.41333333,,-8.81,
1970-02-01 16:20:48,,-5.921666667,,,-12.79333333,,-9.3,
1970-02-01 16:20:49,,-6.32,,,-12.83666667,,-9.481666667,
1970-02-01 16:20:50,,-6.725,,,-13.18,,-9.61,
1970-02-01 16:20:51,,-6.725,,,,,-9.485,
1970-02-01 16:20:52,,-6.1,,,-12.835,,-9.12,
1970-02-01 16:20:53,,-6.06,,,-12.495,,-9.21,
1970-02-01 16:20:54,,-6.6,,,,,-9.69,
1970-02-01 16:20:55,,,,,,,-9.15,
1970-02-01 16:20:56,,-6.33,,,,,-9.61,
1970-02-01 16:20:57,,-5.94,,,,,,-12.96
1970-02-01 16:20:58,,-6.103333333,,,,,-9.346666667,-12.895
1970-02-01 16:20:59,,-5.941666667,,,,,-9.48,-13.09
1970-02-01 16:21:00,,-5.92,,,-12.57,,-9.486666667,-13.025
1970-02-01 16:21:01,,,,,-13.04,,,
1970-02-01 16:21:02,,-5.88,,,-13.18,,,-13.09
1970-02-01 16:21:03,,-5.65,,,-12.57,,-8.875,
1970-02-01 16:21:04,,-5.85,,,-12.835,,-9.298333333,
1970-02-01 16:21:05,,-6.101666667,,,,,-9.47,
1970-02-01 16:21:06,,-6.795,,,-12.495,,,
1970-02-01 16:21:07,,-6.618333333,,,-12.905,,,
1970-02-01 16:21:08,,-6.26,,,-12.77,,-9.075,
1970-02-01 16:21:09,,-6.86,,,-12.43,,,
1970-02-01 16:21:10,,-6.636666667,,,-12.77,,-9.41,
1970-02-01 16:21:11,,-5.855,,,-12.38833333,,-9.208333333,
1970-02-01 16:21:12,,-6.19,,,-12.00333333,,-9.036666667,
1970-02-01 16:21:13,,-6.056666667,,,-12.835,,-8.81,
1970-02-01 16:21:14,,-6.33,,,,,-8.88,
1970-02-01 16:21:15,,-6.235,,,,,-9.075,
1970-02-01 16:21:16,,-6.06,,,-12.565,,-9.21,
1970-02-01 16:21:17,,-6.215,,,,,-9.28,
1970-02-01 16:21:18,,-6.6,,,,,-9.055,
1970-02-01 16:21:19,,-6.056666667,,,,,-8.95,
1970-02-01 16:21:20,,-6.143333333,,,,,-8.92,
1970-02-01 16:21:21,,-6.12,,,,,-9.08,
1970-02-01 16:21:22,,-5.8925,,,,,,
1970-02-01 16:21:23,,-6.06,,,-12.45833333,,,
1970-02-01 16:21:24,,-6.125,,,-12.84,,-8.526666667,
1970-02-01 16:21:25,,-5.79,,,,,-8.68,
1970-02-01 16:21:26,,-6.01,,,,,,
1970-02-01 16:21:27,,-6.055,,,-12.63,,-8.3075,
1970-02-01 16:21:28,,-6.233333333,,,-12.705,,-8.35,
1970-02-01 16:21:29,,-6.595,,,-12.81333333,,-8.161666667,
1970-02-01 16:21:30,,-6.506666667,,,-12.91,,-8.14,
1970-02-01 16:21:31,,-6.73,,,-12.77333333,,-8.59,-12.18
1970-02-01 16:21:32,,-6.665,,,-12.61166667,,-8.37,
1970-02-01 16:21:33,,-6.261666667,,,-12.635,,-8.14,
1970-02-01 16:21:34,,-5.963333333,,,-12.635,,-8.323333333,
1970-02-01 16:21:35,,-6.59,,,-12.23,,-8.55,
1970-02-01 16:21:36,,-6.436666667,,,-12.36,,-8.31,
1970-02-01 16:21:37,,-6.795,,,-12.635,,-9.22,
1970-02-01 16:21:38,,-6.795,,,-12.61333333,,-8.883333333,
1970-02-01 16:21:39,,-6.995,,,,,-8.55,-12.17
1970-02-01 16:21:40,,,,,-12.58666667,,,
1970-02-01 16:21:41,,,,,,,,
1970-02-01 16:21:42,,,,,,,,
1970-02-01 16:21:43,,,,,-12.94,,,
1970-02-01 16:21:44,,,,,-12.97,,,
1970-02-01 16:21:45,,,,,-12.94666667,,,
1970-02-01 16:21:46,,,,,-13.11166667,,,
1970-02-01 16:21:47,,,,,,,,
1970-02-01 16:21:48,,,,,-13.63333333,,,
1970-02-01 16:21:49,,,,,,,,
1970-02-01 16:21:50,,,,,-13.9,,,
1970-02-01 16:21:51,,,,,-13.53666667,,,
1970-02-01 16:21:52,,-6.751666667,,,-14.33,,,
1970-02-01 16:21:53,,-6.636666667,,,-14.08,,,
1970-02-01 16:21:54,,-6.64,,,,,,
1970-02-01 16:21:55,,-6.695,,,,,,
1970-02-01 16:21:56,,-6.97,,,-14.53666667,,,
1970-02-01 16:21:57,,-6.503333333,,,-15.35,,,
1970-02-01 16:21:58,,-6.865,,,-14.82833333,,,
1970-02-01 16:21:59,,-6.525,,,,,,
1970-02-01 16:22:00,,-6.543333333,,,-15.26,,,
1970-02-01 16:22:01,,-6.325,,,,,,
1970-02-01 16:22:02,,,,,-15.26333333,,,
1970-02-01 16:22:03,,-6.56,,,-15.57666667,,,
1970-02-01 16:22:04,,,,,-15.49,,,
1970-02-01 16:22:05,,-6.646666667,,,-15.4425,,,
1970-02-01 16:22:06,,-6.32,,,-15.125,,,
1970-02-01 16:22:07,,-6.525,,,-15.49,,,
1970-02-01 16:22:08,,-6.525,,,-15.35,,,
1970-02-01 16:22:09,,-5.985,,,-15.075,,,
1970-02-01 16:22:10,,-6.733333333,,,-15.69,,,
1970-02-01 16:22:11,,-6.73,,,-15.44333333,,,
1970-02-01 16:22:12,,-6.3275,,,-15.36,,,
1970-02-01 16:22:13,,-6.395,,,-15.92833333,,,
1970-02-01 16:22:14,,-6.32,,,-16.1,,,
1970-02-01 16:22:15,,-6.393333333,,,-15.895,,,
1970-02-01 16:22:16,,-6.643333333,,,,,,
1970-02-01 16:22:17,,-6.73,,,-16.165,,,
1970-02-01 16:22:18,,-6.185,,,-16.21666667,,,
1970-02-01 16:22:19,,,,,-16.11833333,,,
1970-02-01 16:22:20,,-6.649166667,,,-16.4425,,,
1970-02-01 16:22:21,,,,,-16.64,,,
1970-02-01 16:22:22,,-6.373333333,,,,,,
1970-02-01 16:22:23,,,,,,,-8.14,
1970-02-01 16:22:24,,-6.26,,,-16.80333333,,,
1970-02-01 16:22:25,,-6.413333333,,,-16.93666667,,,
1970-02-01 16:22:26,,-6.726666667,,,,,,
1970-02-01 16:22:27,,-6.301666667,,,-16.51,,,
1970-02-01 16:22:28,,,,,-16.70666667,,,
1970-02-01 16:22:29,,-6.326666667,,,-16.64,,,
1970-02-01 16:22:30,,-6.36,,,-16.845,,,
1970-02-01 16:22:31,,-6.53,,,-16.66,,,
1970-02-01 16:22:32,,,,,-16.77666667,,,
1970-02-01 16:22:33,,-6.506666667,,,-16.845,,,
1970-02-01 16:22:34,,,,,-16.775,,,
1970-02-01 16:22:35,,-6.15,,,-16.75333333,,-8.62,
1970-02-01 16:22:36,,-6.12,,,-16.78,,-8.62,
1970-02-01 16:22:37,,-6.185,,,-16.93333333,,,
1970-02-01 16:22:38,,-6.553333333,,,,,,
1970-02-01 16:22:39,,-6.73,,,-16.78,,,
1970-02-01 16:22:40,,-6.325,,,-17.12,,,
1970-02-01 16:22:41,,-5.985,,,-17.045,,,
1970-02-01 16:22:42,,-6.28,,,,,,
1970-02-01 16:22:43,,,,,-17.14333333,,,
1970-02-01 16:22:44,,-6.456666667,,,-16.98,,,
1970-02-01 16:22:45,,,,,-17.23166667,,,
1970-02-01 16:22:46,,,,,,,,
1970-02-01 16:22:47,,,,,-17.40833333,,,
1970-02-01 16:22:48,,,,,,,,
1970-02-01 16:22:49,,,,,-17.50166667,,,
1970-02-01 16:22:50,,,,,-17.595,,,
1970-02-01 16:22:51,,,,,,,,
1970-02-01 16:22:52,,-6.59,,,-17.8,,,
1970-02-01 16:22:53,,,,,-17.775,,,
1970-02-01 16:22:54,,,,,,,,
1970-02-01 16:22:55,,,,,-17.39,,,
1970-02-01 16:22:56,,,,,-17.77666667,,,
1970-02-01 16:22:57,,,,,-17.61333333,,,
1970-02-01 16:22:58,,-6.52,,,-17.325,,,
1970-02-01 16:22:59,,-7.2,,,-17.455,,,
1970-02-01 16:23:00,,-6.93,,,-17.25,,,
1970-02-01 16:23:01,,,,,-17.6,,,
1970-02-01 16:23:02,,,,,-17.43333333,,,
1970-02-01 16:23:03,,-7.025,,,-17.94,,,
1970-02-01 16:23:04,,-7.2,,,-17.7,,,
1970-02-01 16:23:05,,-6.991666667,,,-17.77333333,,,
1970-02-01 16:23:06,,-7.045,,,-17.68166667,,,
1970-02-01 16:23:07,,-7.2,,,-17.66333333,,,
1970-02-01 16:23:08,,-7.173333333,,,-17.57333333,,,
1970-02-01 16:23:09,,-7.126666667,,,-17.34666667,,,
1970-02-01 16:23:10,,-7.133333333,,,-17.52166667,,,
1970-02-01 16:23:11,,-7.13,,,-17.46,,,
1970-02-01 16:23:12,,-7.13,,,-17.735,,,
1970-02-01 16:23:13,,-7,,,-17.43666667,,,
1970-02-01 16:23:14,,,,,-17.19,,,
1970-02-01 16:23:15,,,,,-17.32,,,
1970-02-01 16:23:16,,,,,-17.1525,,,
1970-02-01 16:23:17,,,,,,,,
1970-02-01 16:23:18,,,,,,,,
1970-02-01 16:23:19,,,,,-16.985,,,
1970-02-01 16:23:20,,,,,,,,
1970-02-01 16:23:21,,,,,-17.16166667,,,
1970-02-01 16:23:22,,,,,-16.75666667,,,
1970-02-01 16:23:23,,,,,-16.89166667,,,
1970-02-01 16:23:24,,,,,-16.3,,,
1970-02-01 16:23:25,,,,,-16.48333333,,,
1970-02-01 16:23:26,,,,,-16.70666667,,,
1970-02-01 16:23:27,,,,,-16.575,,-11.26,
1970-02-01 16:23:28,,-6.643333333,,,-16.35,,-10.88,
1970-02-01 16:23:29,,-6.325,,,-16.1,,-10.99,
1970-02-01 16:23:30,,-6.056666667,,,-16.64,,-11.085,
1970-02-01 16:23:31,,-6.19,,,-16.03333333,,,
1970-02-01 16:23:32,,-6.39,,,-15.51,,,
1970-02-01 16:23:33,,,,,-15.98666667,,-11.10666667,
1970-02-01 16:23:34,,-5.925,,,-15.42,,-10.93,
1970-02-01 16:23:35,,-5.78,,,,,-10.855,
1970-02-01 16:23:36,,-5.79,,,,,,
1970-02-01 16:23:37,,-5.65,,,,,-10.58,
1970-02-01 16:23:38,,-5.945,,,,,,
1970-02-01 16:23:39,,-5.963333333,,,,,-10.59,
1970-02-01 16:23:40,,-5.836666667,,,,,,
1970-02-01 16:23:41,,-5.696666667,,,,,,
1970-02-01 16:23:42,,,,,,,,
1970-02-01 16:23:43,,,,,-15.50666667,,,
1970-02-01 16:23:44,,,,,,,,
1970-02-01 16:23:45,-9.413333333,,,,,,,
1970-02-01 16:23:46,,,,,,,,
1970-02-01 16:23:47,-9.235,,,,,,,
1970-02-01 16:23:48,,,,,,,,
1970-02-01 16:23:49,,,-11.69666667,,,,,
1970-02-01 16:23:50,,,-11.4375,,,,-10.22,
1970-02-01 16:23:51,,,,,,,-10.26666667,-13.225
1970-02-01 16:23:52,,,,,,,-10.22666667,-13.04666667
1970-02-01 16:23:53,,,,,,,-10.36333333,-12.695
1970-02-01 16:23:54,,-6.2,,,,,-9.805,-12.495
1970-02-01 16:23:55,,-6.195,,,,,-9.956666667,-13.09
1970-02-01 16:23:56,,,,,,,-9.53,
1970-02-01 16:23:57,,,,,,,,
1970-02-01 16:23:58,,,-10.805,,,,,
1970-02-01 16:23:59,,,,,,,,
1970-02-01 16:24:00,,,,,,,-9.77,
1970-02-01 16:24:01,,-6.143333333,,,-13.8225,,,
1970-02-01 16:24:02,,-5.941666667,,,-13.60833333,,,
1970-02-01 16:24:03,,,,,-13.755,,,
1970-02-01 16:24:04,,,,,-13.655,,,
1970-02-01 16:24:05,,,,,,,-9.325,-13.815
1970-02-01 16:24:06,,,,,,,-9.259166667,
1970-02-01 16:24:07,,,,,,,,-13.42
1970-02-01 16:24:08,,,,,,,-9.13,-13.70666667
1970-02-01 16:24:09,,,,,,,-9.475,-13.75
1970-02-01 16:24:10,,,,,,,,-13.385
1970-02-01 16:24:11,,,,,,,,-13.41666667
1970-02-01 16:24:12,,,,,-13.24,,,
1970-02-01 16:24:13,,,,,,,,
1970-02-01 16:24:14,,,,,-13.38,,,
1970-02-01 16:24:15,,-5.655,,,,,,
1970-02-01 16:24:16,,-5.5525,,,,,,
1970-02-01 16:24:17,,-5.72,,,-13.785,,,
1970-02-01 16:24:18,,-5.870833333,,,,,,
1970-02-01 16:24:19,,-5.59,,,-13.17333333,,,
1970-02-01 16:24:20,,-5.39,,,-13.35,,,
1970-02-01 16:24:21,,,,,-13.445,,,
1970-02-01 16:24:22,,,,,-13.0375,,,
1970-02-01 16:24:23,,,,,-12.86,,,
1970-02-01 16:24:26,,,,,,,,
1970-02-01 16:24:27,,,,,,,,
1970-02-01 16:24:28,,,,,,,-9.74,-12.7
1970-02-01 16:24:29,,,-11.2,,,,-8.945,-13.155
1970-02-01 16:24:30,,,-10.88,,,,-9.456666667,
1970-02-01 16:24:31,,,-10.86833333,,,,-9.116666667,
1970-02-01 16:24:32,,,-10.81,,,,-9.200666667,
1970-02-01 16:24:33,,,-10.85333333,,,,-8.92,
1970-02-01 16:26:24,,,,,,,,
1970-02-01 16:26:25,,-4.445,-8.72,,,,,-10.6
1970-02-01 16:26:26,,,,,,,,
1970-02-01 16:26:27,,-3.91,,,,,,
1970-02-01 16:26:28,,,,,-9.92,,,
1970-02-01 16:26:29,,-4.575,,,,,-5.89,
1970-02-01 16:26:30,,,,,-9.85,,,
1970-02-01 16:26:31,,,-8.07,,,,-6.02,
1970-02-01 16:26:32,,,,,-9.92,,-4.82,
1970-02-01 16:26:33,,,,,-9.85,,,
1970-02-01 16:26:34,,,-7.95,,-9.645,,,-9.69
1970-02-01 16:26:35,,,,,,,-5.31,
1970-02-01 16:26:36,,,,,-9.65,,-4.866666667,-9.885
1970-02-01 16:26:37,,,,,-9.715,,-5.698333333,
1970-02-01 16:26:38,,,,,-10.19,,-5.155,
1970-02-01 16:26:39,,,,,,,,
1970-02-01 16:26:40,,,,,-9.74,,-5.251666667,
1970-02-01 16:26:41,,-4.58,-8.09,,-9.171666667,,,
1970-02-01 16:26:42,,,-7.426666667,,-9.175,,,
1970-02-01 16:26:43,,-4.305,,,-9.17,,,
1970-02-01 16:26:44,,-4.51,,,,,,
1970-02-01 16:26:45,,,,,-9.075,,,
1970-02-01 16:26:46,,-4.175,-6.955,,,,-5.5,
1970-02-01 16:26:47,,-4.375,,,-8.965,,-5.37,
1970-02-01 16:26:48,,,,,-9.165,,-4.97,
1970-02-01 16:26:49,,,,,-8.765,,,
1970-02-01 16:26:50,,-4.18,-7.095,,-8.29,,,-9.95
1970-02-01 16:26:51,,-4.18,-7.105,,,,,
1970-02-01 16:26:52,,-3.97,,,-8.42,,,
1970-02-01 16:26:53,,,,,-9.51,,-5.37,
1970-02-01 16:26:54,-6.5,,,,,,-5.373333333,
1970-02-01 16:26:55,,,,,-8.83,,,
1970-02-01 16:26:56,,,,,-9.03,,,
1970-02-01 16:26:57,,,,,-8.73,,,
1970-02-01 16:26:58,,,,,,,,
1970-02-01 16:26:59,,,,,-8.555,,-5.148333333,
1970-02-01 16:27:00,,,,,-8.83,,-5.51,
1970-02-01 16:27:01,-6.9,,,,,,-4.9,
1970-02-01 16:27:02,,,-7.05,,,,-4.84,
1970-02-01 16:27:03,,,,,-8.83,,-4.84,
1970-02-01 16:27:04,,,,,-8.7,,,
1970-02-01 16:27:05,,,,,-8.76,,,
1970-02-01 16:27:06,,,,,-8.56,,,
1970-02-01 16:27:07,,,,,-8.606666667,,,
1970-02-01 16:27:08,,,,,-8.835,,,
1970-02-01 16:27:09,,,,,,,,
1970-02-01 16:27:10,,,,,,,,
1970-02-01 16:27:11,,,,,-9.035,,,
1970-02-01 16:27:12,,,,,,,,
1970-02-01 16:27:13,,,,,,,,
1970-02-01 16:27:14,,,,,,,,
1970-02-01 16:27:15,,,,,,,,
1970-02-01 16:27:16,,,,,,,,
1970-02-01 16:27:17,,,,,,,,
1970-02-01 16:27:18,,,,,,,,
1970-02-01 16:27:19,,,,,-8.56,,,
1970-02-01 16:27:20,,,,,,,,
